{"Artifacts":{"0":0.6827785655,"1":0.6440787719,"2":0.6465604612,"3":0.6860800286,"4":0.6580501127,"5":0.6769384116,"6":0.6834173323,"7":0.6803838239,"8":0.5633041423,"9":0.6271983095,"10":0.6269689461,"11":0.6992004886,"12":0.6000666504,"13":0.6251326996,"14":0.6939672421,"15":0.6528267187,"16":0.6251474077,"17":0.6504426755,"18":0.7333468466,"19":0.6660219462,"20":0.667142817,"21":0.7121021746,"22":0.7242872014,"23":0.6046480068,"24":0.650741721,"25":0.6282394603,"26":0.6663917396,"27":0.5917954726,"28":0.6752407488,"29":0.7042418158,"30":0.7109229128,"31":0.7174106077,"32":0.6148809053,"33":0.6491749436,"34":0.646560984,"35":0.5901240331,"36":0.6099240499,"37":0.7259465904,"38":0.6523700403,"39":0.6087658577,"40":0.6583790765,"41":0.6907350732,"42":0.5969471366,"43":0.6491972749,"44":0.634671684,"45":0.6560275723,"46":0.653591835,"47":0.683300638,"48":0.6283827657,"49":0.6670153539},"badsequence":{"0":0.9938801781,"1":0.98528212,"2":0.9831040078,"3":0.982997081,"4":0.9865406865,"5":0.9805573801,"6":0.9847344675,"7":0.9920874189,"8":0.9889768219,"9":0.9838037414,"10":0.9902342529,"11":0.9914654731,"12":0.9814273752,"13":0.9768413276,"14":0.9918531706,"15":0.9891510986,"16":0.9908364104,"17":0.9850660099,"18":0.9837429647,"19":0.9833957042,"20":0.9911302854,"21":0.9828602981,"22":0.9926133736,"23":0.9854218539,"24":0.9814160456,"25":0.9847368977,"26":0.9866832773,"27":0.9908353689,"28":0.9921617122,"29":0.9819185261,"30":0.9825207709,"31":0.9922905103,"32":0.987471168,"33":0.9906527602,"34":0.9840804623,"35":0.9817509328,"36":0.98840643,"37":0.9903781528,"38":0.9896694157,"39":0.9856195591,"40":0.9812135217,"41":0.9878652001,"42":0.9926199698,"43":0.9855930062,"44":0.9771673106,"45":0.9868257885,"46":0.987624962,"47":0.9882620095,"48":0.9886487511,"49":0.9773537623},"Field_artefacts":{"0":0.7142573675,"1":0.7271977659,"2":0.7610582788,"3":0.8038832933,"4":0.7868193579,"5":0.6716366576,"6":0.8176585581,"7":0.749152642,"8":0.7136533219,"9":0.7601287781,"10":0.8018637466,"11":0.7480487984,"12":0.7036363636,"13":0.7572075402,"14":0.718199459,"15":0.7670610715,"16":0.7107606379,"17":0.7455780113,"18":0.7437800314,"19":0.7609343761,"20":0.7811773352,"21":0.7929036525,"22":0.7922481076,"23":0.6866972371,"24":0.7408767494,"25":0.6837142647,"26":0.7709752333,"27":0.7591945322,"28":0.748166351,"29":0.7514053863,"30":0.7574748291,"31":0.7555081943,"32":0.7463893584,"33":0.7198328636,"34":0.7461072563,"35":0.7633438671,"36":0.7632365694,"37":0.7286661277,"38":0.7521700587,"39":0.7356521228,"40":0.7156551775,"41":0.7706445212,"42":0.8243521717,"43":0.7603464009,"44":0.7327149241,"45":0.760305725,"46":0.7433615051,"47":0.7483163078,"48":0.681632323,"49":0.7586498883},"highiron-lowt1":{"0":0.5883447025,"1":0.5284368684,"2":0.5474664747,"3":0.4829277746,"4":0.5164252162,"5":0.5067202136,"6":0.5382483284,"7":0.4530595602,"8":0.5214415875,"9":0.431727012,"10":0.5263353405,"11":0.5079852867,"12":0.4887040915,"13":0.4419952078,"14":0.4898102345,"15":0.4514336629,"16":0.581640075,"17":0.5830631846,"18":0.4514588032,"19":0.4854921849,"20":0.4246437274,"21":0.5655552034,"22":0.46545536,"23":0.4940500161,"24":0.5511514799,"25":0.529408403,"26":0.4541898077,"27":0.4653874034,"28":0.5949077803,"29":0.5853841038,"30":0.5354714021,"31":0.5353259317,"32":0.4344016793,"33":0.6176002738,"34":0.5438508065,"35":0.5713896061,"36":0.4963840211,"37":0.5389064514,"38":0.5640202159,"39":0.6417369887,"40":0.5056343809,"41":0.4928173983,"42":0.5686236509,"43":0.5673173727,"44":0.5149183156,"45":0.5009169832,"46":0.4198380083,"47":0.5317382812,"48":0.5804959327,"49":0.6181150233},"lookuptable-rip":{"0":0.6989476221,"1":0.7870842706,"2":0.748403358,"3":0.603560813,"4":0.6892073759,"5":0.7296453246,"6":0.6064628856,"7":0.7116404242,"8":0.6739034383,"9":0.7230435481,"10":0.7472083869,"11":0.7101140746,"12":0.7512150546,"13":0.6699570212,"14":0.7052667524,"15":0.7657655848,"16":0.6269581459,"17":0.7782575514,"18":0.7828767674,"19":0.7789852161,"20":0.7510845116,"21":0.7754759801,"22":0.7045810572,"23":0.6519621626,"24":0.6878314318,"25":0.7886106202,"26":0.8925530206,"27":0.6818665649,"28":0.718529081,"29":0.7661798972,"30":0.7282193927,"31":0.7092906491,"32":0.7264620823,"33":0.7727245341,"34":0.6756889764,"35":0.7079751767,"36":0.7388435893,"37":0.7375180752,"38":0.7652735379,"39":0.7440342279,"40":0.7194930913,"41":0.6409262532,"42":0.7353490521,"43":0.7507933001,"44":0.8021854411,"45":0.6803201317,"46":0.7925369537,"47":0.719683885,"48":0.5704129177,"49":0.7680379238},"m50pcfail":{"0":0.8019192812,"1":0.8342505204,"2":0.84229452,"3":0.8854358311,"4":0.9031110182,"5":0.8116424143,"6":0.8386004264,"7":0.8305437541,"8":0.8821260753,"9":0.8802330887,"10":0.8994705977,"11":0.8421044294,"12":0.8758676843,"13":0.8186440257,"14":0.894828067,"15":0.8915184752,"16":0.8350774144,"17":0.9120767712,"18":0.7946117796,"19":0.8159752589,"20":0.8936728351,"21":0.8633692288,"22":0.8163218107,"23":0.8938018995,"24":0.8293407861,"25":0.8616045546,"26":0.8734915521,"27":0.8085312651,"28":0.8595637959,"29":0.9168409445,"30":0.861252887,"31":0.8275688366,"32":0.8894750015,"33":0.8659315797,"34":0.8693486444,"35":0.8346940651,"36":0.9072294615,"37":0.8328565228,"38":0.8788753667,"39":0.8392777926,"40":0.8655394295,"41":0.8379382776,"42":0.8238810793,"43":0.830580901,"44":0.8267836546,"45":0.891676884,"46":0.8375010693,"47":0.8556388786,"48":0.8338999801,"49":0.8377599909},"Other_Unlisted":{"0":0.8719037839,"1":0.8622953337,"2":0.7879261057,"3":0.8439859763,"4":0.8421425045,"5":0.8278431168,"6":0.8611066171,"7":0.8647006472,"8":0.8672343581,"9":0.8079891394,"10":0.8552494111,"11":0.8396864091,"12":0.8409182848,"13":0.8407497303,"14":0.8500137129,"15":0.8627738367,"16":0.9090734591,"17":0.8728195793,"18":0.8334668285,"19":0.8338681367,"20":0.8152361392,"21":0.8465280425,"22":0.8038619202,"23":0.8886637001,"24":0.8580330207,"25":0.7999391245,"26":0.8481486458,"27":0.832667206,"28":0.880377562,"29":0.8407821842,"30":0.8606144034,"31":0.862459862,"32":0.841429342,"33":0.8039751888,"34":0.8428281499,"35":0.8484242306,"36":0.8261896078,"37":0.8357578209,"38":0.8414239482,"39":0.8569798695,"40":0.8439709992,"41":0.8452186718,"42":0.8465830636,"43":0.8665911543,"44":0.8187208601,"45":0.7829159343,"46":0.878164084,"47":0.7969579288,"48":0.8588511327,"49":0.8910207888},"pdff35":{"0":0.6660659694,"1":0.7543234111,"2":0.6350378117,"3":0.6071954948,"4":0.8393691664,"5":0.7051005632,"6":0.6050909091,"7":0.7069991955,"8":0.6986580853,"9":0.6879562279,"10":0.706767498,"11":0.6321641191,"12":0.6647916331,"13":0.6660402253,"14":0.7530093338,"15":0.6846725664,"16":0.7286049879,"17":0.8063909895,"18":0.5845341915,"19":0.6820148053,"20":0.7306645213,"21":0.660460177,"22":0.7336315366,"23":0.7939758648,"24":0.7546829739,"25":0.7415510861,"26":0.7347385358,"27":0.6637296862,"28":0.6987610619,"29":0.6821950435,"30":0.7277039421,"31":0.6937860016,"32":0.7266484312,"33":0.6887916331,"34":0.6799034438,"35":0.6333740949,"36":0.6426613033,"37":0.7194336283,"38":0.6948865648,"39":0.7199871258,"40":0.7339726468,"41":0.8040289622,"42":0.7482735318,"43":0.7169879324,"44":0.7038300612,"45":0.7193596138,"46":0.5727176187,"47":0.7041415929,"48":0.7333740949,"49":0.712777599},"Rainbow":{"0":0.8232351292,"1":0.8666795391,"2":0.8594546044,"3":0.911422289,"4":0.8536916598,"5":0.8849592027,"6":0.8639227655,"7":0.892452219,"8":0.8619504079,"9":0.8631382223,"10":0.8985736531,"11":0.8572544379,"12":0.839743401,"13":0.8846457775,"14":0.8797562981,"15":0.8324322641,"16":0.8192426036,"17":0.8716685809,"18":0.8665751293,"19":0.9050185642,"20":0.8369990657,"21":0.9125755216,"22":0.8583134553,"23":0.8723213672,"24":0.8532755227,"25":0.86099782,"26":0.867165369,"27":0.8883465363,"28":0.8945799099,"29":0.882811293,"30":0.8306247275,"31":0.8811958891,"32":0.8765779761,"33":0.8483793229,"34":0.8554459146,"35":0.900397384,"36":0.8846515104,"37":0.8478885061,"38":0.8296877914,"39":0.8245396327,"40":0.8434070383,"41":0.853792588,"42":0.9021470782,"43":0.8687150907,