{"Artifacts":{"0":0.5033302753,"1":0.5115694771,"2":0.531275248,"3":0.5165802167,"4":0.4771287159,"5":0.5321773344,"6":0.5028868954,"7":0.4945059216,"8":0.5137447752,"9":0.5067125519,"10":0.5127217173,"11":0.5337171215,"12":0.5530862522,"13":0.4959800227,"14":0.5240175031,"15":0.5167750849,"16":0.5050408457,"17":0.5145970498,"18":0.5430395933,"19":0.5198349532},"badsequence":{"0":0.8506405334,"1":0.8440243791,"2":0.8463339277,"3":0.8441798828,"4":0.8489319915,"5":0.8435110573,"6":0.8469921351,"7":0.8466729074,"8":0.8497673953,"9":0.8485902717,"10":0.8490473062,"11":0.8519284049,"12":0.8487149486,"13":0.8450793948,"14":0.8442124221,"15":0.8458456669,"16":0.8456862243,"17":0.8456422106,"18":0.8490074598,"19":0.85057163},"Field_artefacts":{"0":0.6316444646,"1":0.6500924348,"2":0.66195395,"3":0.6150290238,"4":0.6217391056,"5":0.6191229725,"6":0.6082618834,"7":0.6235535665,"8":0.6336638607,"9":0.5973085496,"10":0.6507733331,"11":0.6730737044,"12":0.6384800752,"13":0.6270840624,"14":0.630819018,"15":0.6086403716,"16":0.6114795084,"17":0.6273351199,"18":0.6288961459,"19":0.6292746341},"highiron-lowt1":{"0":0.5097976491,"1":0.4963495148,"2":0.5027513547,"3":0.5083650967,"4":0.5382778779,"5":0.5341937448,"6":0.5035650755,"7":0.5112107902,"8":0.5233793329,"9":0.5002170181,"10":0.5148321584,"11":0.5445244275,"12":0.5420242548,"13":0.5141147176,"14":0.5356402733,"15":0.565244027,"16":0.5167942505,"17":0.5177166745,"18":0.5177112394,"19":0.5193433397},"lookuptable-rip":{"0":0.5253679306,"1":0.5422847044,"2":0.6036873393,"3":0.6015263496,"4":0.5525674807,"5":0.5922316838,"6":0.5265231362,"7":0.5969312339,"8":0.5228470437,"9":0.5556282134,"10":0.5878856041,"11":0.5592127249,"12":0.5711744859,"13":0.5727908098,"14":0.5656298201,"15":0.5369456941,"16":0.5431298201,"17":0.6120035347,"18":0.6263608612,"19":0.6402506427},"m50pcfail":{"0":0.5230200965,"1":0.5076615338,"2":0.5235592614,"3":0.50012266,"4":0.4856905625,"5":0.547613656,"6":0.5308946004,"7":0.5517575878,"8":0.5152107416,"9":0.5077410606,"10":0.5337189261,"11":0.5332476061,"12":0.5403214501,"13":0.5420341974,"14":0.5037993156,"15":0.5152242207,"16":0.531069829,"17":0.5375919276,"18":0.5301811055,"19":0.5229931382},"Other_Unlisted":{"0":0.6227993323,"1":0.6056605011,"2":0.6109689041,"3":0.610707415,"4":0.5802361134,"5":0.5923805892,"6":0.6041219721,"7":0.6156140282,"8":0.5951974612,"9":0.6222676667,"10":0.5998260793,"11":0.5905345281,"12":0.6072342139,"13":0.6050662866,"14":0.616963173,"15":0.5961569786,"16":0.6041610651,"17":0.6069514408,"18":0.6043322059,"19":0.5954641627},"pdff35":{"0":0.6070071326,"1":0.6125293189,"2":0.6636683959,"3":0.6302479747,"4":0.6620089535,"5":0.6070071326,"6":0.6190882964,"7":0.6190239173,"8":0.6719521558,"9":0.6224926997,"10":0.6298866832,"11":0.6295522965,"12":0.64224362,"13":0.6381243208,"14":0.6240339537,"15":0.5938449771,"16":0.625824076,"17":0.6251706766,"18":0.6257049267,"19":0.6041052703},"Rainbow":{"0":0.8036241992,"1":0.7990077955,"2":0.8072909448,"3":0.8013798915,"4":0.8025072612,"5":0.7892645794,"6":0.8024476514,"7":0.8055067501,"8":0.8011768458,"9":0.7959483243,"10":0.8074898924,"11":0.8148077362,"12":0.8018970062,"13":0.8057954849,"14":0.7927431818,"15":0.8002670517,"16":0.8029576875,"17":0.8003758396,"18":0.8138796866,"19":0.8048756317},"Segmentation_fail":{"0":0.7472826087,"1":0.7475720454,"2":0.7463906782,"3":0.7560390391,"4":0.7319978114,"5":0.743640148,"6":0.7414758946,"7":0.7453122532,"8":0.7528125776,"9":0.7420886121,"10":0.7405095779,"11":0.7437910359,"12":0.7365886092,"13":0.749276937,"14":0.745081691,"15":0.7372175436,"16":0.7528101098,"17":0.7332186633,"18":0.7539953549,"19":0.7473626357},"Wrong_location":{"0":0.8453428315,"1":0.8261967451,"2":0.8626071062,"3":0.843297035,"4":0.8855282834,"5":0.8482303402,"6":0.8278790228,"7":0.824447956,"8":0.8613376573,"9":0.876304998,"10":0.8435275311,"11":0.8282345143,"12":0.7914480203,"13":0.8282941452,"14":0.8610326227,"15":0.895855886,"16":0.8406755715,"17":0.8480101648,"18":0.8241543888,"19":0.8776856813},"zeroct1":{"0":0.4648667848,"1":0.4503835763,"2":0.4844387916,"3":0.4581164291,"4":0.4946866582,"5":0.4788325532,"6":0.4522163359,"7":0.4934135003,"8":0.458909837,"9":0.456847743,"10":0.4689040941,"11":0.5173294476,"12":0.5072943064,"13":0.4680538316,"14":0.4700724863,"15":0.5121569645,"16":0.4852398654,"17":0.4734377625,"18":0.4803101318,"19":0.5022355323}}