{"Artifacts":{"0":0.5046697203,"1":0.4889642209,"2":0.5085523046,"3":0.5151055682,"4":0.510908239,"5":0.4654158246,"6":0.5176629394,"7":0.5046494672,"8":0.502066369,"9":0.4536115204,"10":0.4981701002,"11":0.4916135523,"12":0.485063573,"13":0.4998533015,"14":0.5238204454,"15":0.4867872806,"16":0.4793483521,"17":0.5151323899,"18":0.4941222064,"19":0.5099267821},"badsequence":{"0":0.5259811514,"1":0.5211245173,"2":0.5176824867,"3":0.5251872494,"4":0.5216201994,"5":0.5201996018,"6":0.5257607404,"7":0.5238194569,"8":0.5260921847,"9":0.5143554283,"10":0.5083904598,"11":0.5182697926,"12":0.5134758395,"13":0.5195707369,"14":0.5279987025,"15":0.519981931,"16":0.5202723871,"17":0.5171873184,"18":0.518840886,"19":0.5194591328},"Field_artefacts":{"0":0.5052004085,"1":0.488383361,"2":0.5078298553,"3":0.5260571993,"4":0.5226703007,"5":0.4982815876,"6":0.4783410616,"7":0.5203375582,"8":0.4916922796,"9":0.5304668718,"10":0.4976962623,"11":0.489000544,"12":0.4958171351,"13":0.5163615304,"14":0.5030160182,"15":0.4960605847,"16":0.5363201249,"17":0.5099082119,"18":0.5360994986,"19":0.5286010582},"highiron-lowt1":{"0":0.5313433925,"1":0.5001145265,"2":0.515108575,"3":0.5238343333,"4":0.4909019334,"5":0.4901448936,"6":0.5171747116,"7":0.5427642127,"8":0.5280613334,"9":0.4947849657,"10":0.5128723957,"11":0.517295838,"12":0.4939223285,"13":0.4992627596,"14":0.530373605,"15":0.5200087584,"16":0.462360365,"17":0.4925775151,"18":0.5091423243,"19":0.4773683896},"lookuptable-rip":{"0":0.5246481362,"1":0.5810459512,"2":0.5559190231,"3":0.5538255141,"4":0.5865970437,"5":0.6024405527,"6":0.5423047879,"7":0.514497108,"8":0.5124726864,"9":0.5815970437,"10":0.5634158098,"11":0.5189452121,"12":0.5528872108,"13":0.5079273779,"14":0.5397670308,"15":0.5084736504,"16":0.5161182519,"17":0.5775144602,"18":0.5409206298,"19":0.5424517995},"m50pcfail":{"0":0.4639806368,"1":0.4736370809,"2":0.4634639371,"3":0.4368893957,"4":0.4672870658,"5":0.4951834599,"6":0.4819438154,"7":0.4653923503,"8":0.4461230446,"9":0.4863052105,"10":0.4589434883,"11":0.497457388,"12":0.459163198,"13":0.4527138867,"14":0.4460273429,"15":0.5084603965,"16":0.4374074434,"17":0.4576670153,"18":0.4610300566,"19":0.4535235328},"Other_Unlisted":{"0":0.5004185129,"1":0.4870730115,"2":0.4837996194,"3":0.4805918168,"4":0.4882288629,"5":0.472644198,"6":0.4894372728,"7":0.4532314539,"8":0.4788921375,"9":0.4816234392,"10":0.4747117864,"11":0.490662623,"12":0.4987653109,"13":0.4875130256,"14":0.4439168812,"15":0.4872167871,"16":0.468494687,"17":0.4737353287,"18":0.4677523533,"19":0.4587522625},"pdff35":{"0":0.4404594551,"1":0.3983843738,"2":0.4579705605,"3":0.4526189307,"4":0.449124685,"5":0.4269970241,"6":0.4348940292,"7":0.4398319995,"8":0.3970967925,"9":0.432827173,"10":0.438530005,"11":0.4413617229,"12":0.4071802835,"13":0.4460268028,"14":0.448686523,"15":0.4319201008,"16":0.3988196531,"17":0.4240975641,"18":0.4362113978,"19":0.4339634154},"Rainbow":{"0":0.480581374,"1":0.4887963447,"2":0.4829061549,"3":0.4781720219,"4":0.5043425714,"5":0.5029395065,"6":0.4785151506,"7":0.4942588345,"8":0.4894103253,"9":0.5034871712,"10":0.4915424921,"11":0.4851739338,"12":0.4890630984,"13":0.507166584,"14":0.4978439893,"15":0.4979635814,"16":0.4921173537,"17":0.4974952722,"18":0.4901461333,"19":0.4601486369},"Segmentation_fail":{"0":0.5039932397,"1":0.5016506002,"2":0.4961022991,"3":0.5158072641,"4":0.4903865408,"5":0.493394779,"6":0.4703981324,"7":0.4708402196,"8":0.4979732379,"9":0.4923456149,"10":0.4831146635,"11":0.4784424285,"12":0.469676127,"13":0.4815814597,"14":0.4878813796,"15":0.4857608414,"16":0.4770227432,"17":0.4925254112,"18":0.5111558291,"19":0.4957342456},"Wrong_location":{"0":0.4723289971,"1":0.4230808044,"2":0.461056475,"3":0.4740537045,"4":0.5011478937,"5":0.5197079924,"6":0.5434192782,"7":0.486937406,"8":0.4544913489,"9":0.4572607427,"10":0.5670606125,"11":0.4578788393,"12":0.5494867161,"13":0.5052658618,"14":0.498341804,"15":0.5253247587,"16":0.4880944736,"17":0.4428621885,"18":0.5262960534,"19":0.4254855326},"zeroct1":{"0":0.4592036918,"1":0.4940465658,"2":0.4664676546,"3":0.4658946377,"4":0.4710383742,"5":0.4613303062,"6":0.4692682185,"7":0.4679854785,"8":0.4439436846,"9":0.4878602835,"10":0.441093932,"11":0.4849856171,"12":0.4714861834,"13":0.4679714245,"14":0.4525683228,"15":0.4920432426,"16":0.45170209,"17":0.5033668732,"18":0.477629665,"19":0.4622240081}}