{"Artifacts":{"0":0.6785177802,"1":0.6400075108,"2":0.6540672207,"3":0.6906424893,"4":0.6240566137,"5":0.5785472617,"6":0.6763347419,"7":0.6687096963,"8":0.6536326188,"9":0.6666432648,"10":0.616950485,"11":0.7478450394,"12":0.6684211069,"13":0.7258400871,"14":0.6698130428,"15":0.6430100658,"16":0.649652188,"17":0.6513324928,"18":0.6729354694,"19":0.6350227115,"20":0.7043141329,"21":0.6768401398,"22":0.6899313226,"23":0.6785440666,"24":0.6284163747,"25":0.6459705044,"26":0.746251632,"27":0.6083206503,"28":0.6763435725,"29":0.6767107323,"30":0.7120986649,"31":0.6611710491,"32":0.693737954,"33":0.6654802437,"34":0.6514613273,"35":0.5749726243,"36":0.7083994328,"37":0.703807662,"38":0.6446399676,"39":0.6841490041,"40":0.6970946638,"41":0.7124110289,"42":0.7085693869,"43":0.6203417723,"44":0.6973265749,"45":0.7208413472,"46":0.6377560332,"47":0.7128295158,"48":0.5931233273,"49":0.6645546515},"badsequence":{"0":0.9939655807,"1":0.9856659108,"2":0.9830652989,"3":0.9826797724,"4":0.9868455838,"5":0.9804789208,"6":0.984630318,"7":0.9918905764,"8":0.9876787725,"9":0.9841216834,"10":0.9904600837,"11":0.9914482884,"12":0.9820529662,"13":0.9760053547,"14":0.9922883407,"15":0.9888351786,"16":0.9906329718,"17":0.9853628359,"18":0.9837228291,"19":0.9833478738,"20":0.9912212426,"21":0.983098106,"22":0.9929108939,"23":0.9859877326,"24":0.9825827606,"25":0.985527392,"26":0.9870504042,"27":0.9905020906,"28":0.9928904112,"29":0.9828220867,"30":0.9824117611,"31":0.99269218,"32":0.9868412374,"33":0.9905711764,"34":0.9834007482,"35":0.9819165305,"36":0.987934633,"37":0.9899926262,"38":0.9893364847,"39":0.9847189553,"40":0.981427028,"41":0.9877843106,"42":0.992449859,"43":0.9862672003,"44":0.9771933999,"45":0.9869644809,"46":0.9870615134,"47":0.9893587032,"48":0.9894694488,"49":0.9775182991},"Field_artefacts":{"0":0.7235114279,"1":0.6989946351,"2":0.7078033365,"3":0.776875231,"4":0.7688786311,"5":0.7355596384,"6":0.8020489454,"7":0.8079400309,"8":0.7554605202,"9":0.7545777961,"10":0.7442081282,"11":0.756829573,"12":0.6732813993,"13":0.7765113888,"14":0.7110402211,"15":0.7586477548,"16":0.6753670905,"17":0.7765356067,"18":0.7309242746,"19":0.7504836528,"20":0.7239244507,"21":0.7404424193,"22":0.7982773572,"23":0.7731068656,"24":0.7315653299,"25":0.7319894172,"26":0.7708311898,"27":0.6996898655,"28":0.7536788486,"29":0.7203457603,"30":0.7715469979,"31":0.7545880797,"32":0.7427324171,"33":0.6349045925,"34":0.7326296601,"35":0.7527287426,"36":0.7687690159,"37":0.762401705,"38":0.7455487086,"39":0.7321121957,"40":0.7345866098,"41":0.8136811935,"42":0.8100771662,"43":0.7675741545,"44":0.6791544161,"45":0.7491820387,"46":0.7833967811,"47":0.7611802749,"48":0.6983199732,"49":0.7976508291},"highiron-lowt1":{"0":0.4747894576,"1":0.4399856608,"2":0.4587100314,"3":0.4182128906,"4":0.448297722,"5":0.5016651167,"6":0.5280809855,"7":0.5419116463,"8":0.467962206,"9":0.5450823079,"10":0.4656430052,"11":0.6306584095,"12":0.5453396827,"13":0.5649514739,"14":0.5657164533,"15":0.5458699391,"16":0.5584817045,"17":0.4631725193,"18":0.5692503624,"19":0.4976772946,"20":0.568586703,"21":0.4859309327,"22":0.4890539425,"23":0.5245801788,"24":0.5194182325,"25":0.5227843037,"26":0.5486104978,"27":0.4656491624,"28":0.4179838515,"29":0.5899411789,"30":0.5268366939,"31":0.6093132238,"32":0.4842365697,"33":0.5392487516,"34":0.4761442052,"35":0.5503067867,"36":0.4970022704,"37":0.5363895377,"38":0.6002889417,"39":0.5382856668,"40":0.4866504917,"41":0.6443144447,"42":0.5832368516,"43":0.5580198937,"44":0.4650295145,"45":0.5536500086,"46":0.5010156952,"47":0.6126167848,"48":0.5395658827,"49":0.4672171184},"lookuptable-rip":{"0":0.7462042095,"1":0.7422075835,"2":0.8040347847,"3":0.7218026992,"4":0.754770609,"5":0.7472083869,"6":0.8036331138,"7":0.691807921,"8":0.6584290649,"9":0.697091435,"10":0.7862909704,"11":0.7866825996,"12":0.7238913882,"13":0.592374277,"14":0.8300658846,"15":0.7243533098,"16":0.7849152474,"17":0.7220035347,"18":0.7393155527,"19":0.7656074241,"20":0.7549807198,"21":0.7590074711,"22":0.7385322943,"23":0.6706699871,"24":0.6485818737,"25":0.8109836922,"26":0.8263676896,"27":0.686746867,"28":0.714753374,"29":0.7009681825,"30":0.8047577924,"31":0.5892312018,"32":0.8053602988,"33":0.6724473811,"34":0.7824602282,"35":0.747690392,"36":0.7401590617,"37":0.5086861343,"38":0.7668300129,"39":0.6787321228,"40":0.7370159865,"41":0.6513395726,"42":0.8028900225,"43":0.7160487629,"44":0.7269504258,"45":0.7018697783,"46":0.7986021851,"47":0.7141809929,"48":0.5973248715,"49":0.6833018641},"m50pcfail":{"0":0.8211120932,"1":0.8594280175,"2":0.8308415627,"3":0.8593586843,"4":0.8631538588,"5":0.8408498316,"6":0.8221544232,"7":0.8338608347,"8":0.8612575208,"9":0.8606284143,"10":0.8265898701,"11":0.8139995374,"12":0.8442952233,"13":0.8779461489,"14":0.8844822997,"15":0.8757472936,"16":0.842509956,"17":0.8798120638,"18":0.803453334,"19":0.8223538284,"20":0.8659576288,"21":0.8977376053,"22":0.8082968201,"23":0.8947311173,"24":0.8292615689,"25":0.8343265566,"26":0.853021965,"27":0.7910112502,"28":0.8344158669,"29":0.8619687694,"30":0.8803062993,"31":0.8488906631,"32":0.8355209591,"33":0.8237003381,"34":0.8887885471,"35":0.8326886095,"36":0.9089529494,"37":0.7900417882,"38":0.8725728457,"39":0.8171508422,"40":0.8430865641,"41":0.8802080858,"42":0.8892563973,"43":0.773907936,"44":0.8515184354,"45":0.8914234299,"46":0.8645984812,"47":0.8611420008,"48":0.7965448014,"49":0.856635867},"Other_Unlisted":{"0":0.8726770667,"1":0.8607131203,"2":0.8283495146,"3":0.8342071197,"4":0.868059898,"5":0.8318548641,"6":0.8396685852,"7":0.8553721683,"8":0.7960126753,"9":0.8135565795,"10":0.8519533617,"11":0.8311446505,"12":0.8011070658,"13":0.8164455232,"14":0.8413608688,"15":0.8431565843,"16":0.9105980876,"17":0.8693352211,"18":0.8054112729,"19":0.7898003401,"20":0.8221518102,"21":0.8598822526,"22":0.7933468177,"23":0.8905434196,"24":0.8447260161,"25":0.7723203146,"26":0.8419568991,"27":0.8388565264,"28":0.8653074434,"29":0.8555372717,"30":0.8564408699,"31":0.8670968167,"32":0.8456499461,"33":0.8037001079,"34":0.8159193133,"35":0.8483227715,"36":0.8516558398,"37":0.8359708738,"38":0.8389212513,"39":0.871263233,"40":0.8037794883,"41":0.8221216467,"42":0.8086003236,"43":0.8662621359,"44":0.8612720092,"45":0.7775605395,"46":0.8669597098,"47":0.8140830636,"48":0.838802589,"49":0.8739948439},"pdff35":{"0":0.6084376508,"1":0.8192823813,"2":0.6442735318,"3":0.6871246983,"4":0.7848213711,"5":0.717226066,"6":0.6309380531,"7":0.6943909895,"8":0.7555913113,"9":0.7206565819,"10":0.7334255833,"11":0.6775124698,"12":0.6657699115,"13":0.6783395012,"14":0.7000708079,"15":0.7466452132,"16":0.7043572003,"17":0.6863909895,"18":0.6652807723,"19":0.7035468297,"20":0.6896283186,"21":0.6866548673,"22":0.6231826227,"23":0.7564022526,"24":0.7359510782,"25":0.678001609,"26":0.6703523733,"27":0.7192019308,"28":0.6383588093,"29":0.6842034117,"30":0.7411359614,"31":0.727845535,"32":0.6444537409,"33":0.6865004023,"34":0.7610621178,"35":0.6933386967,"36":0.7195237329,"37":0.6660659694,"38":0.6910313757,"39":0.6987254586,"40":0.743079646,"41":0.7477908286,"42":0.733689461,"43":0.6551311344,"44":0.6871258449,"45":0.7286596943,"46":0.7175028158,"47":0.7781303298,"48":0.7307803701,"49":0.6805535887},"Rainbow":{"0":0.8590196201,"1":0.8752226721,"2":0.874561946,"3":0.8756515593,"4":0.8381400912,"5":0.8746670819,"6":0.8650763002,"7":0.8547010435,"8":0.8518346733,"9":0.8328997533,"10":0.8937950794,"11":0.8629523513,"12":0.8704071816,"13":0.8612166367,"14":0.8490344123,"15":0.8521220803,"16":0.8415359701,"17":0.8882017453,"18":0.8628498297,"19":0.8856146121,"20":0.8090675802,"21":0.8973976954,"22":0.8620166681,"23":0.8363837599,"24":0.8854725773,"25":0.848560573,"26":0.8685356587,"27":0.8783191487,"28":0.8804664723,"29":0.8541576337,"30":0.8921009031,"31":0.8912214263,"32":0.8910987916,"33":0.8194088602,"34":0.8459794174,"35":0.8950731859,"36":0.8554070383,"37":0.8938854041,"38":0.8435779074,"39":0.8417034213,"40":0.854441607,"41":0.8742173778,"42":0.8757435875,