{"Artifacts":{"0":0.6548567062},"badsequence":{"0":0.9960012618},"Field_artefacts":{"0":0.8529226325},"highiron-lowt1":{"0":0.8839391852},"lookuptable-rip":{"0":0.8105189589},"m50pcfail":{"0":0.8875719785},"Other_Unlisted":{"0":0.8766453291},"pdff35":{"0":0.6851018198},"Rainbow":{"0":0.9229551243},"Segmentation_fail":{"0":0.8353588028},"Wrong_location":{"0":0.7877050383},"zeroct1":{"0":0.9063638088}}