{"Artifacts":{"0":0.7414290844,"1":0.7214167792,"2":0.748942457,"3":0.7375350051,"4":0.7295350095,"5":0.7325538241,"6":0.7325253602,"7":0.7410694541,"8":0.7545241166,"9":0.7399319932,"10":0.7271708644,"11":0.7382882035,"12":0.7318159525,"13":0.7415911096,"14":0.7422288103,"15":0.7325527294,"16":0.735077805,"17":0.7279492423,"18":0.7296023375,"19":0.7457402692},"badsequence":{"0":0.9996381001,"1":0.9995671987,"2":0.9996459495,"3":0.9996058177,"4":0.9996196041,"5":0.9996126966,"6":0.9995652292,"7":0.9996073876,"8":0.9995984535,"9":0.9996404121,"10":0.9995907183,"11":0.9996306503,"12":0.9995762184,"13":0.9996524003,"14":0.9995590639,"15":0.9996105273,"16":0.9996095854,"17":0.999612925,"18":0.9995764467,"19":0.9995961986},"Field_artefacts":{"0":0.8473727405,"1":0.8596897728,"2":0.8434380801,"3":0.8513701652,"4":0.8571511442,"5":0.8443804966,"6":0.853903088,"7":0.8561122037,"8":0.8508899227,"9":0.838819193,"10":0.8468848901,"11":0.8395134049,"12":0.8527167463,"13":0.8423026156,"14":0.8466309797,"15":0.8392842199,"16":0.8474982692,"17":0.8586579646,"18":0.8462600994,"19":0.8538988086},"highiron-lowt1":{"0":0.7940113874,"1":0.8128775979,"2":0.7970473115,"3":0.8148886064,"4":0.8154740506,"5":0.7854121907,"6":0.8255671393,"7":0.8086249749,"8":0.8017611465,"9":0.839286255,"10":0.8079044282,"11":0.7871988049,"12":0.823553025,"13":0.8003270412,"14":0.8061612953,"15":0.7988090792,"16":0.8009086032,"17":0.8209503607,"18":0.8034437162,"19":0.8346818996},"lookuptable-rip":{"0":0.8021328728,"1":0.7984150064,"2":0.7877273458,"3":0.785345437,"4":0.7887885604,"5":0.7353325835,"6":0.7930085154,"7":0.7679153278,"8":0.7747694409,"9":0.7709190231,"10":0.8267609254,"11":0.7696842866,"12":0.7728574871,"13":0.7969151671,"14":0.7665793702,"15":0.8103703406,"16":0.7902024422,"17":0.8040432198,"18":0.8065753535,"19":0.7570469152},"m50pcfail":{"0":0.92909352,"1":0.9301848797,"2":0.9219767674,"3":0.9203475907,"4":0.9228414532,"5":0.9249343117,"6":0.9253097053,"7":0.9141925735,"8":0.9231966281,"9":0.9191405351,"10":0.9286338818,"11":0.928861679,"12":0.9277638044,"13":0.9216876402,"14":0.9184023285,"15":0.9219044294,"16":0.9220243936,"17":0.921711678,"18":0.9185971018,"19":0.9259955681},"Other_Unlisted":{"0":0.9049152571,"1":0.9058856337,"2":0.9076118094,"3":0.9015115548,"4":0.8982103632,"5":0.897819867,"6":0.8957144886,"7":0.9050555578,"8":0.8990743198,"9":0.9002992356,"10":0.8977025878,"11":0.9021381297,"12":0.9003743812,"13":0.9014863615,"14":0.9004577797,"15":0.9012318223,"16":0.9086907778,"17":0.8978441916,"18":0.9014025286,"19":0.9031717067},"pdff35":{"0":0.8196987444,"1":0.8187633262,"2":0.8082729019,"3":0.8232958045,"4":0.8251877803,"5":0.8061253316,"6":0.8164543279,"7":0.796687553,"8":0.821876102,"9":0.7957713525,"10":0.8093058496,"11":0.8090113394,"12":0.844119549,"13":0.8180931113,"14":0.8222417174,"15":0.8237776866,"16":0.7941782109,"17":0.8259877142,"18":0.8130989295,"19":0.8038643773},"Rainbow":{"0":0.9140721517,"1":0.9214516542,"2":0.9092793403,"3":0.9110149159,"4":0.9029845491,"5":0.9091172763,"6":0.911015661,"7":0.9123218599,"8":0.9113153863,"9":0.9142498633,"10":0.9158544836,"11":0.9165252798,"12":0.9104489956,"13":0.9211463405,"14":0.9042112063,"15":0.9064815932,"16":0.9134533278,"17":0.9067440625,"18":0.9070203165,"19":0.9101341816},"Segmentation_fail":{"0":0.8888668746,"1":0.8799934004,"2":0.8867350551,"3":0.890401136,"4":0.8940168035,"5":0.8937506346,"6":0.8856107996,"7":0.8952034589,"8":0.8937125601,"9":0.8958101831,"10":0.8944930874,"11":0.8867114348,"12":0.8873054675,"13":0.8875384976,"14":0.8915430185,"15":0.883410587,"16":0.8890547793,"17":0.8967401881,"18":0.8928040602,"19":0.8871165052},"Wrong_location":{"0":0.882616693,"1":0.8875901343,"2":0.9011148673,"3":0.9517403031,"4":0.8981298851,"5":0.8789471029,"6":0.8815570988,"7":0.9142726414,"8":0.8978592529,"9":0.8992571374,"10":0.9345517137,"11":0.9191807181,"12":0.9007146527,"13":0.8808071263,"14":0.8986241331,"15":0.901257064,"16":0.90067681,"17":0.9013224285,"18":0.9000082566,"19":0.8451295365},"zeroct1":{"0":0.9276219673,"1":0.9306777378,"2":0.9309041976,"3":0.9247667847,"4":0.914285112,"5":0.9213612632,"6":0.9285549563,"7":0.9186427869,"8":0.9235466485,"9":0.9206362084,"10":0.9289037491,"11":0.9206732597,"12":0.9256579313,"13":0.9182808984,"14":0.9206304591,"15":0.9126309011,"16":0.916378508,"17":0.9177232131,"18":0.9215260774,"19":0.9234770177}}