{"Artifacts":{"0":0.7401911788,"1":0.7299545782,"2":0.7362544037,"3":0.743412525,"4":0.7296762342,"5":0.7493590151,"6":0.7387772898,"7":0.731665696,"8":0.7392795132,"9":0.7346366146,"10":0.7414695907,"11":0.7420210786,"12":0.7351180376,"13":0.7577342414,"14":0.7295913899,"15":0.7397716101,"16":0.7307326825,"17":0.7221842095,"18":0.7465854278,"19":0.7273150997},"badsequence":{"0":0.9987568273,"1":0.9988096323,"2":0.9988132287,"3":0.9986809593,"4":0.998800841,"5":0.9987359907,"6":0.998681416,"7":0.9988186519,"8":0.9987562279,"9":0.9987818882,"10":0.9988712286,"11":0.9987120144,"12":0.9987276561,"13":0.9987750379,"14":0.9987711845,"15":0.9987860555,"16":0.9988298409,"17":0.9988203645,"18":0.9988088901,"19":0.9988172248},"Field_artefacts":{"0":0.8474588037,"1":0.8523144837,"2":0.8462838737,"3":0.8601229421,"4":0.8555183196,"5":0.843133768,"6":0.8438108624,"7":0.8493916611,"8":0.8466053034,"9":0.8503364551,"10":0.8457798568,"11":0.851456704,"12":0.8468658706,"13":0.8362021089,"14":0.8423981886,"15":0.8538327158,"16":0.8436335055,"17":0.8443719379,"18":0.8610078246,"19":0.8498300607},"highiron-lowt1":{"0":0.8290984393,"1":0.8389026882,"2":0.8519695849,"3":0.8460677795,"4":0.8643889213,"5":0.8594817499,"6":0.8393747705,"7":0.8529665482,"8":0.8770924388,"9":0.8148070791,"10":0.838078097,"11":0.8596525692,"12":0.8561034109,"13":0.8363768925,"14":0.8343449198,"15":0.8407716061,"16":0.8392784905,"17":0.8471423879,"18":0.8480446242,"19":0.8165859287},"lookuptable-rip":{"0":0.8035724614,"1":0.7957286311,"2":0.831120662,"3":0.7638536311,"4":0.7990094794,"5":0.829407937,"6":0.8238062339,"7":0.8320163882,"8":0.8162034062,"9":0.7851229113,"10":0.8391139139,"11":0.836127892,"12":0.7772075835,"13":0.7963833548,"14":0.7214885925,"15":0.8134567802,"16":0.8102177057,"17":0.803221401,"18":0.7896401028,"19":0.820183162},"m50pcfail":{"0":0.915226647,"1":0.9189046505,"2":0.9133631581,"3":0.9145955993,"4":0.9193418234,"5":0.9196219645,"6":0.9173055771,"7":0.9154645535,"8":0.9179541476,"9":0.916697444,"10":0.9196412846,"11":0.9159028497,"12":0.9205668511,"13":0.9122468621,"14":0.9179283126,"15":0.9203808392,"16":0.9147946411,"17":0.916569617,"18":0.9168888476,"19":0.9182513623},"Other_Unlisted":{"0":0.9058756432,"1":0.9084392791,"2":0.9045482167,"3":0.9058335096,"4":0.9106619367,"5":0.9092063718,"6":0.9132963745,"7":0.9054821065,"8":0.9143240875,"9":0.904491749,"10":0.9052662259,"11":0.9092280902,"12":0.9126847853,"13":0.908047697,"14":0.9067448122,"15":0.9051754431,"16":0.9140495674,"17":0.9032238308,"18":0.904355792,"19":0.912446752},"pdff35":{"0":0.8018940897,"1":0.8402332636,"2":0.8459187997,"3":0.8204064337,"4":0.8339942597,"5":0.8337559611,"6":0.8376345595,"7":0.8222138519,"8":0.8357425837,"9":0.8447724681,"10":0.8287315114,"11":0.830682101,"12":0.8460528427,"13":0.8299018652,"14":0.8227999896,"15":0.8064203223,"16":0.8406003204,"17":0.8310251357,"18":0.8265046684,"19":0.8430135744},"Rainbow":{"0":0.9021021384,"1":0.9001640759,"2":0.9082251789,"3":0.9083894783,"4":0.9014071258,"5":0.895942028,"6":0.8974672929,"7":0.9050794598,"8":0.9090986482,"9":0.9084146261,"10":0.9111631951,"11":0.9062172612,"12":0.9068537817,"13":0.9015587581,"14":0.906208506,"15":0.9119981044,"16":0.9071956065,"17":0.918987163,"18":0.9078243032,"19":0.9028139162},"Segmentation_fail":{"0":0.8877955004,"1":0.888546943,"2":0.8886835529,"3":0.8898539913,"4":0.8937968175,"5":0.8910170264,"6":0.8821223997,"7":0.8891422097,"8":0.8899033472,"9":0.890421936,"10":0.8876153516,"11":0.8869529258,"12":0.8881494523,"13":0.8896146155,"14":0.8956592953,"15":0.8912623954,"16":0.8900930146,"17":0.8917196419,"18":0.8919244686,"19":0.8955059396},"Wrong_location":{"0":0.9015254027,"1":0.9357890536,"2":0.901415315,"3":0.9376754523,"4":0.9376444901,"5":0.93916737,"6":0.9028774173,"7":0.9194605244,"8":0.9200121096,"9":0.8848906921,"10":0.9355826392,"11":0.9015827401,"12":0.9381089226,"13":0.9360459249,"14":0.9211783513,"15":0.9215235221,"16":0.9013419232,"17":0.9203182911,"18":0.9307949708,"19":0.9206095648},"zeroct1":{"0":0.9090286247,"1":0.9048463044,"2":0.8964957177,"3":0.8929608362,"4":0.8925925595,"5":0.9015707816,"6":0.8952423631,"7":0.8969198907,"8":0.8810178747,"9":0.9043649574,"10":0.8963024762,"11":0.8931390655,"12":0.9014941239,"13":0.8991129418,"14":0.8947380189,"15":0.8953813053,"16":0.8985900719,"17":0.9077605773,"18":0.8975079197,"19":0.8914142656}}