{"Artifacts":{"0":0.6349798543,"1":0.5382435316,"2":0.5479212976,"3":0.5795613441,"4":0.4941553928,"5":0.5621639455,"6":0.5102904634,"7":0.5961157243,"8":0.5175455473,"9":0.6076987342,"10":0.5525631396,"11":0.5913155789,"12":0.5711561784,"13":0.463711603,"14":0.5464128504,"15":0.580358271,"16":0.5783138662,"17":0.5569087954,"18":0.6579150791,"19":0.595781352,"20":0.5858018279,"21":0.5432536396,"22":0.5403389551,"23":0.5241109557,"24":0.5498283476,"25":0.5404581573,"26":0.5502063708,"27":0.5703848889,"28":0.5149499607,"29":0.5893786112,"30":0.6027326585,"31":0.5809812441,"32":0.6007606392,"33":0.5948823483,"34":0.541895127,"35":0.5517278292,"36":0.576297539,"37":0.6002006383,"38":0.5168120493,"39":0.4817711441,"40":0.5591631453,"41":0.6157642038,"42":0.5611654888,"43":0.5771942241,"44":0.5751268964,"45":0.5569450099,"46":0.6140409372,"47":0.6352092788,"48":0.5617495388,"49":0.5621529216},"badsequence":{"0":0.995135179,"1":0.9889632825,"2":0.9846317067,"3":0.9845062066,"4":0.9882537122,"5":0.9824515115,"6":0.986449809,"7":0.9933330463,"8":0.9914482884,"9":0.9867247033,"10":0.99234137,"11":0.9924798887,"12":0.9825941962,"13":0.9785538918,"14":0.994295828,"15":0.9906650845,"16":0.9930626049,"17":0.9869802769,"18":0.9863300371,"19":0.9845610278,"20":0.9926602409,"21":0.9850283425,"22":0.9944950071,"23":0.9870819962,"24":0.9839736699,"25":0.9867462878,"26":0.9890594471,"27":0.9924286819,"28":0.994928616,"29":0.9846165111,"30":0.9848405264,"31":0.9942280373,"32":0.9889098191,"33":0.9927999747,"34":0.9847805261,"35":0.9833739285,"36":0.990697718,"37":0.9924451723,"38":0.9909768386,"39":0.9865511222,"40":0.9834207957,"41":0.9908469989,"42":0.9944373777,"43":0.9882495115,"44":0.9790933991,"45":0.9891085709,"46":0.9885956349,"47":0.9909653821,"48":0.9908483876,"49":0.9791055741},"Field_artefacts":{"0":0.7018225913,"1":0.7527493202,"2":0.7621371353,"3":0.8161297588,"4":0.776843467,"5":0.7218784449,"6":0.7895142206,"7":0.7709737635,"8":0.7188914942,"9":0.7677172763,"10":0.7515425884,"11":0.7536106416,"12":0.7192739031,"13":0.7707187904,"14":0.7764318476,"15":0.7727169839,"16":0.7258146542,"17":0.7366620122,"18":0.6880226622,"19":0.7870398683,"20":0.7529124715,"21":0.7734783567,"22":0.7731549938,"23":0.7398990482,"24":0.7720216394,"25":0.7499801573,"26":0.7675725729,"27":0.7625486882,"28":0.7279644474,"29":0.7350787957,"30":0.79065481,"31":0.7854516058,"32":0.6844506504,"33":0.7735746627,"34":0.7009232036,"35":0.751999706,"36":0.7429999265,"37":0.7485147351,"38":0.7402989859,"39":0.7956309538,"40":0.7489468656,"41":0.7572984493,"42":0.7879797163,"43":0.7306903761,"44":0.641017876,"45":0.7647387374,"46":0.7820592342,"47":0.727344749,"48":0.6826632092,"49":0.7809449606},"highiron-lowt1":{"0":0.5854197081,"1":0.5547306459,"2":0.5302105147,"3":0.5025999718,"4":0.5964052627,"5":0.4906872958,"6":0.5177421953,"7":0.5277263209,"8":0.4688330582,"9":0.5872651314,"10":0.5401550299,"11":0.6021098406,"12":0.5243335213,"13":0.4889255799,"14":0.5509384353,"15":0.5250468882,"16":0.5590064371,"17":0.5206537935,"18":0.5810999919,"19":0.4528547971,"20":0.4389569771,"21":0.4997090592,"22":0.5502350797,"23":0.5481938628,"24":0.5181191802,"25":0.5986471251,"26":0.4465474156,"27":0.5227730348,"28":0.5139185325,"29":0.5422867476,"30":0.5121337912,"31":0.533668608,"32":0.5307994725,"33":0.4344041962,"34":0.5198703026,"35":0.481478499,"36":0.5105518005,"37":0.5408495087,"38":0.5365304849,"39":0.5344040988,"40":0.4840190358,"41":0.5285459712,"42":0.5103470321,"43":0.539208481,"44":0.6743535916,"45":0.4751063752,"46":0.473958198,"47":0.5506201675,"48":0.5609797841,"49":0.4922576488},"lookuptable-rip":{"0":0.7227365842,"1":0.6858230238,"2":0.8155326157,"3":0.6144862629,"4":0.7532841877,"5":0.7445674004,"6":0.6851602667,"7":0.690562741,"8":0.799716822,"9":0.8009199743,"10":0.8133334672,"11":0.8253534704,"12":0.779783901,"13":0.6269581459,"14":0.6787220794,"15":0.7251365681,"16":0.7520987307,"17":0.6524742931,"18":0.8178020566,"19":0.7119857786,"20":0.8970416934,"21":0.785688464,"22":0.6849393477,"23":0.6375220919,"24":0.7232845894,"25":0.8056515103,"26":0.7884700353,"27":0.6345296433,"28":0.7125441838,"29":0.7772778403,"30":0.7748935572,"31":0.7077743413,"32":0.7655446658,"33":0.6165749518,"34":0.850554395,"35":0.7831780206,"36":0.7871344794,"37":0.750843509,"38":0.8512612468,"39":0.7983689539,"40":0.7248353149,"41":0.5715074711,"42":0.727406009,"43":0.7691396208,"44":0.6595592962,"45":0.7324068123,"46":0.7530225739,"47":0.6707402796,"48":0.6745762371,"49":0.7983890407},"m50pcfail":{"0":0.5825072314,"1":0.5680254975,"2":0.6132924005,"3":0.5658066481,"4":0.6074945815,"5":0.6457978894,"6":0.6429243535,"7":0.6346078907,"8":0.5344867237,"9":0.6116012016,"10":0.5597438846,"11":0.6546054195,"12":0.5200117856,"13":0.5949045299,"14":0.5984923381,"15":0.6035344175,"16":0.5835590659,"17":0.6002173369,"18":0.5815878126,"19":0.5987806887,"20":0.5963616663,"21":0.6030686956,"22":0.5387515484,"23":0.5762890955,"24":0.5749426467,"25":0.5564109632,"26":0.6257496697,"27":0.6591454161,"28":0.5414698424,"29":0.6333700901,"30":0.5561891908,"31":0.557630711,"32":0.6043803206,"33":0.6569725523,"34":0.6211738089,"35":0.6780245787,"36":0.5788131378,"37":0.5469983114,"38":0.4655381383,"39":0.5618623015,"40":0.6019851793,"41":0.6439096563,"42":0.5853459173,"43":0.6271847496,"44":0.5535191452,"45":0.6048618834,"46":0.576804514,"47":0.5584322596,"48":0.6219388643,"49":0.6487794213},"Other_Unlisted":{"0":0.4654778586,"1":0.5245914901,"2":0.4923921251,"3":0.5404665588,"4":0.5530744337,"5":0.5713956658,"6":0.5784882047,"7":0.5526537217,"8":0.5275391046,"9":0.5258597992,"10":0.5026818106,"11":0.5585898832,"12":0.5632295038,"13":0.6391289105,"14":0.5560254512,"15":0.5937043263,"16":0.5919534714,"17":0.5677251888,"18":0.5126739482,"19":0.6043853875,"20":0.5363826818,"21":0.5539858341,"22":0.5312594391,"23":0.5193783711,"24":0.5346607427,"25":0.5327370098,"26":0.5773680415,"27":0.5423462783,"28":0.5116666667,"29":0.5041385552,"30":0.5145511532,"31":0.5582827637,"32":0.4962729234,"33":0.4719444444,"34":0.5841369097,"35":0.5382089454,"36":0.5055377469,"37":0.5522114347,"38":0.6052562028,"39":0.5406094016,"40":0.5794342422,"41":0.5713750997,"42":0.5682254585,"43":0.6199892125,"44":0.5379436125,"45":0.5517619605,"46":0.5039006907,"47":0.584180151,"48":0.5667529666,"49":0.5209862322},"pdff35":{"0":0.6093708769,"1":0.732466613,"2":0.6347996782,"3":0.681686243,"4":0.6152043772,"5":0.6430120676,"6":0.6644054706,"7":0.6507288817,"8":0.6922477876,"9":0.7392983585,"10":0.6603572003,"11":0.648608206,"12":0.6580852776,"13":0.6589026549,"14":0.6310009656,"15":0.6762349155,"16":0.673229284,"17":0.6975253419,"18":0.6889782784,"19":0.604068233,"20":0.6941786002,"21":0.7857119871,"22":0.6667868061,"23":0.6890555109,"24":0.6901126489,"25":0.6977345133,"26":0.6883346742,"27":0.5917683025,"28":0.6090297667,"29":0.7246668812,"30":0.740923572,"31":0.657229284,"32":0.7662172164,"33":0.7229670153,"34":0.7260894754,"35":0.6411230893,"36":0.6641158488,"37":0.6130008045,"38":0.6276363636,"39":0.6697972321,"40":0.7032148029,"41":0.7001705551,"42":0.7294867257,"43":0.7237522124,"44":0.5551335694,"45":0.6825132743,"46":0.6768913918,"47":0.6333065165,"48":0.7214094932,"49":0.6409333762},"Rainbow":{"0":0.8344042354,"1":0.8319688571,"2":0.8573759951,"3":0.8099360957,"4":0.8008223069,"5":0.837337901,"6":0.8649915914,"7":0.8620191222,"8":0.835919938,"9":0.7592185592,"10":0.8484160698,"11":0.8081071317,"12":0.8124539859,"13":0.8754822275,"14":0.8107049413,"15":0.8172569293,"16":0.8418573653,"17":0.8472062707,"18":0.8306203434,"19":0.8557250006,"20":0.8355702273,"21":0.8188053566,"22":0.8267465716,"23":0.808925013,"24":0.85554808,"25":0.79849019,"26":0.8457178449,"27":0.8451522023,"28":0.8500701868,"29":0.8075751912,"30":0.8408794768,"31":0.8715839302,"32":0.8759423683,"33":0.7809312758,"34":0.8337893399,"35":0.8879227655,"36":0.8116798505,"37":0.8397090438,"38":0.8116699061,"39":0.7761755252,"40":0.8291709748,"41":0.8461663033,"42":0.8384758665,