{"Artifacts":{"0":0.7519746825,"1":0.725167718,"2":0.7496042424,"3":0.7439582654,"4":0.7384442075,"5":0.7404963446,"6":0.7432513208,"7":0.7463604536,"8":0.7323625139,"9":0.7380922405,"10":0.7481227516,"11":0.7441230275,"12":0.724614588,"13":0.7461130367,"14":0.749743825,"15":0.7298949135,"16":0.7333770874,"17":0.7360026077,"18":0.7343861871,"19":0.7543547017},"badsequence":{"0":0.9987653331,"1":0.9987812032,"2":0.9988051795,"3":0.9988640928,"4":0.9988178527,"5":0.998890638,"6":0.9988342366,"7":0.9988123724,"8":0.998818024,"9":0.9987696146,"10":0.9989516064,"11":0.998794961,"12":0.9988189945,"13":0.9987930201,"14":0.9988485653,"15":0.9988384039,"16":0.9988459393,"17":0.9988644353,"18":0.9988002701,"19":0.9988611243},"Field_artefacts":{"0":0.8493545731,"1":0.8506635906,"2":0.8555739516,"3":0.8506692964,"4":0.853766623,"5":0.8438802836,"6":0.8506597867,"7":0.8422636256,"8":0.8512603276,"9":0.8546301086,"10":0.8485319794,"11":0.85062888,"12":0.8385386552,"13":0.8444908098,"14":0.8507139923,"15":0.8517610161,"16":0.8488515071,"17":0.8610762948,"18":0.843594991,"19":0.8424409825},"highiron-lowt1":{"0":0.8476067057,"1":0.856633727,"2":0.843007009,"3":0.86093449,"4":0.8347851676,"5":0.862875618,"6":0.8644393906,"7":0.8353791528,"8":0.8530861216,"9":0.8621791413,"10":0.8507614268,"11":0.8478870046,"12":0.8259840936,"13":0.8346003722,"14":0.80975937,"15":0.8437562844,"16":0.8392489854,"17":0.8418081684,"18":0.8410472463,"19":0.8304494643},"lookuptable-rip":{"0":0.7356418702,"1":0.7862917738,"2":0.8202594794,"3":0.808341099,"4":0.8189042416,"5":0.7774783098,"6":0.8164058483,"7":0.8075297237,"8":0.7939644923,"9":0.8026582584,"10":0.8056973008,"11":0.8022670308,"12":0.8076012211,"13":0.7874212725,"14":0.7779884319,"15":0.8365777635,"16":0.8449638496,"17":0.8083603792,"18":0.8072734576,"19":0.8242753856},"m50pcfail":{"0":0.9157278457,"1":0.9187588513,"2":0.9220655049,"3":0.921772334,"4":0.9155719372,"5":0.9184964577,"6":0.9198239267,"7":0.9192050103,"8":0.9157626668,"9":0.9101998325,"10":0.9113583632,"11":0.9160508954,"12":0.9178748454,"13":0.9155899093,"14":0.9161133486,"15":0.9181770025,"16":0.9173354558,"17":0.9195711931,"18":0.9155566608,"19":0.9190989745},"Other_Unlisted":{"0":0.9116010388,"1":0.9130835345,"2":0.9125323224,"3":0.9141010399,"4":0.9073789885,"5":0.910585488,"6":0.9080127304,"7":0.9129202124,"8":0.9113738647,"9":0.9070766689,"10":0.9061953376,"11":0.9070480006,"12":0.9135656822,"13":0.901578013,"14":0.9124406709,"15":0.9064616048,"16":0.9125197257,"17":0.9096876508,"18":0.9167005111,"19":0.9051202785},"pdff35":{"0":0.82275675,"1":0.8375648955,"2":0.8152589912,"3":0.8454143369,"4":0.8159416976,"5":0.8332394872,"6":0.8261284833,"7":0.8423548901,"8":0.8258128337,"9":0.843219203,"10":0.8455032185,"11":0.8445807722,"12":0.824463756,"13":0.8348239809,"14":0.8469613562,"15":0.8313417462,"16":0.8482609485,"17":0.8337521175,"18":0.8506338455,"19":0.8293950001},"Rainbow":{"0":0.9116560934,"1":0.9077065739,"2":0.9063210194,"3":0.8998464676,"4":0.9052605245,"5":0.908851454,"6":0.9104607313,"7":0.9055591321,"8":0.9052828781,"9":0.9077464379,"10":0.9027256192,"11":0.9049382592,"12":0.9072028714,"13":0.9084278521,"14":0.9078773931,"15":0.8944717159,"16":0.917016874,"17":0.9043786725,"18":0.9046396515,"19":0.9095406919},"Segmentation_fail":{"0":0.887428152,"1":0.8862806288,"2":0.8912535818,"3":0.8935239503,"4":0.8900454215,"5":0.8913445376,"6":0.8904972036,"7":0.8882389979,"8":0.8932926829,"9":0.8864893335,"10":0.8927800873,"11":0.8891545486,"12":0.890789637,"13":0.8921370513,"14":0.8892624264,"15":0.8935555028,"16":0.8908463962,"17":0.8946062532,"18":0.8856541622,"19":0.8857846027},"Wrong_location":{"0":0.9031170874,"1":0.903748945,"2":0.9210166599,"3":0.8858138233,"4":0.9385171645,"5":0.9035482643,"6":0.918216304,"7":0.920626766,"8":0.8845397875,"9":0.9219546989,"10":0.9214845327,"11":0.8835547319,"12":0.9219294705,"13":0.884746202,"14":0.8847381747,"15":0.9207070383,"16":0.922384729,"17":0.9192747514,"18":0.9375401361,"19":0.9213813255},"zeroct1":{"0":0.8970926901,"1":0.89208023,"2":0.8980106669,"3":0.8939257659,"4":0.8904311297,"5":0.9033866126,"6":0.8938583709,"7":0.8948906956,"8":0.8947147021,"9":0.9020617108,"10":0.8896444293,"11":0.9052541876,"12":0.9072393045,"13":0.8903813021,"14":0.892323299,"15":0.8961763103,"16":0.8905320624,"17":0.8976337662,"18":0.8910373649,"19":0.8934619864}}