{"Artifacts":{"0":0.7178423018,"1":0.7755822605,"2":0.7677748728,"3":0.7455088277,"4":0.7103707552,"5":0.763803681,"6":0.7225084584,"7":0.7244177537,"8":0.803219833,"9":0.7294526078,"10":0.7476625346,"11":0.7827174966,"12":0.765397446,"13":0.7454744719,"14":0.7991245375,"15":0.7802010361,"16":0.7667026997,"17":0.7569905624,"18":0.7886151489,"19":0.7245452439,"20":0.8085629852,"21":0.8034914574,"22":0.7551593941,"23":0.7333399755,"24":0.7508617724,"25":0.8001747835,"26":0.7364630568,"27":0.7839839764,"28":0.760020751,"29":0.7586019278,"30":0.7872204518,"31":0.7778091702,"32":0.7351264812,"33":0.790556256,"34":0.7370593728,"35":0.7307878592,"36":0.7847987534,"37":0.7773635986,"38":0.7317630406,"39":0.7673723489,"40":0.7649478457,"41":0.7838616614,"42":0.7612884829,"43":0.7527132555,"44":0.7376210167,"45":0.7780601143,"46":0.7394603473,"47":0.7502138653,"48":0.7323573973,"49":0.7933536461},"badsequence":{"0":0.9992865762,"1":0.9983047941,"2":0.9989664903,"3":0.9983818647,"4":0.9984113335,"5":0.9983443709,"6":0.9986804264,"7":0.9991192428,"8":0.9983554801,"9":0.998613091,"10":0.9985675979,"11":0.9990442552,"12":0.9991348652,"13":0.9987592328,"14":0.9979048525,"15":0.9988949743,"16":0.9986755661,"17":0.9988540089,"18":0.9979619688,"19":0.9990131275,"20":0.9985724582,"21":0.9988925441,"22":0.9988737972,"23":0.9991213258,"24":0.9977076172,"25":0.9991227144,"26":0.998862688,"27":0.998791172,"28":0.9980407752,"29":0.9987755406,"30":0.9981798147,"31":0.9982060257,"32":0.9989161514,"33":0.9989963464,"34":0.9990454782,"35":0.998848107,"36":0.9987012563,"37":0.9986757397,"38":0.9987245164,"39":0.9982476664,"40":0.9990348817,"41":0.9979722101,"42":0.99866897,"43":0.99875958,"44":0.9988691143,"45":0.9988595635,"46":0.9977524548,"47":0.998769995,"48":0.9990935526,"49":0.9989068569},"Field_artefacts":{"0":0.8293672375,"1":0.8435305358,"2":0.8811993827,"3":0.9009338616,"4":0.8726743502,"5":0.849030646,"6":0.8549717057,"7":0.8607187477,"8":0.8958862733,"9":0.8610284605,"10":0.8998192107,"11":0.8890100683,"12":0.8720805468,"13":0.8565508917,"14":0.8533870399,"15":0.8586521643,"16":0.8650518116,"17":0.8510178585,"18":0.8701314452,"19":0.8780577443,"20":0.8477430734,"21":0.8777305798,"22":0.8659425296,"23":0.8603394705,"24":0.8710190521,"25":0.8793826707,"26":0.8440684942,"27":0.8614183876,"28":0.8846216041,"29":0.8698753381,"30":0.8677063276,"31":0.9003865657,"32":0.8890776806,"33":0.8403656903,"34":0.8516994002,"35":0.8862409054,"36":0.8365164989,"37":0.8473315205,"38":0.8922738403,"39":0.8622868399,"40":0.8647108106,"41":0.8743470273,"42":0.8943191005,"43":0.8476771854,"44":0.8616253087,"45":0.8510031601,"46":0.8799941207,"47":0.8593723819,"48":0.8379198623,"49":0.8683494061},"highiron-lowt1":{"0":0.8680271614,"1":0.9125099361,"2":0.7874365738,"3":0.8920848099,"4":0.8218895494,"5":0.866723123,"6":0.851427948,"7":0.8364459166,"8":0.8512806057,"9":0.8409180662,"10":0.8800076892,"11":0.8535632459,"12":0.8367580139,"13":0.8592491543,"14":0.863355296,"15":0.7821476629,"16":0.8870162459,"17":0.7983650129,"18":0.847802231,"19":0.8946832391,"20":0.8860706882,"21":0.8463053112,"22":0.8140957233,"23":0.8300579897,"24":0.8422430994,"25":0.8820910333,"26":0.7997236062,"27":0.8472032055,"28":0.8568580863,"29":0.8404815846,"30":0.8635435554,"31":0.8856966214,"32":0.856576192,"33":0.8332947407,"34":0.8184756402,"35":0.8296957071,"36":0.7909849906,"37":0.8400300016,"38":0.8695382974,"39":0.8898975308,"40":0.8682401717,"41":0.8906582017,"42":0.8868798325,"43":0.8442131121,"44":0.8276053791,"45":0.8810467635,"46":0.8598548413,"47":0.8625966495,"48":0.8578547841,"49":0.8673667692},"lookuptable-rip":{"0":0.8853229434,"1":0.9131185733,"2":0.8740962404,"3":0.8557047317,"4":0.9107343725,"5":0.8584913239,"6":0.8517934608,"7":0.8502671112,"8":0.8738251125,"9":0.8824321067,"10":0.8578285668,"11":0.8844693927,"12":0.9151771369,"13":0.7641739637,"14":0.8774606299,"15":0.8902735379,"16":0.9205796112,"17":0.8656460877,"18":0.7498895405,"19":0.8644293347,"20":0.8780225739,"21":0.913530286,"22":0.8267191517,"23":0.8237066195,"24":0.757788647,"25":0.876154804,"26":0.907716099,"27":0.8472344955,"28":0.8218137452,"29":0.8220813916,"30":0.8775807359,"31":0.7623061938,"32":0.9344975096,"33":0.8145786472,"34":0.871474771,"35":0.8558754418,"36":0.8319308323,"37":0.7848851221,"38":0.8855237789,"39":0.8837477905,"40":0.8380161472,"41":0.7984515585,"42":0.8978852024,"43":0.8946818766,"44":0.8910091596,"45":0.8397734576,"46":0.8919756186,"47":0.8806133515,"48":0.7965737468,"49":0.8681001928},"m50pcfail":{"0":0.9312046357,"1":0.9230006431,"2":0.9150960433,"3":0.9323722092,"4":0.9226523188,"5":0.9238101122,"6":0.9555156365,"7":0.9149091209,"8":0.919067923,"9":0.934732943,"10":0.9141772721,"11":0.9172535713,"12":0.9339086741,"13":0.9159057854,"14":0.9349547511,"15":0.9485773304,"16":0.9284594109,"17":0.9502517116,"18":0.8971520561,"19":0.92008885,"20":0.9111104775,"21":0.9494707561,"22":0.9110407776,"23":0.9426169136,"24":0.9333529792,"25":0.931820846,"26":0.9003671916,"27":0.9186174712,"28":0.9366438143,"29":0.9505906435,"30":0.9376091041,"31":0.9173644575,"32":0.930186067,"33":0.9384043558,"34":0.9254027403,"35":0.9171680306,"36":0.9587661854,"37":0.8877895317,"38":0.929304858,"39":0.9239641558,"40":0.9365984558,"41":0.9257347793,"42":0.9504734839,"43":0.9258676844,"44":0.9210331191,"45":0.9398094025,"46":0.9155253312,"47":0.9291421529,"48":0.9211392397,"49":0.9349975284},"Other_Unlisted":{"0":0.9176508656,"1":0.9082316229,"2":0.8974865156,"3":0.881030205,"4":0.8959217816,"5":0.8890174647,"6":0.9020316498,"7":0.8995064725,"8":0.9013349515,"9":0.9068345126,"10":0.9033643286,"11":0.9085305159,"12":0.8963942826,"13":0.8858683927,"14":0.9123772695,"15":0.9094765534,"16":0.9208180345,"17":0.9183090615,"18":0.8906742179,"19":0.862124952,"20":0.8947841801,"21":0.8774730654,"22":0.9078667745,"23":0.9270846818,"24":0.8949728484,"25":0.883483831,"26":0.899725512,"27":0.9163295577,"28":0.9133710895,"29":0.8945230651,"30":0.8838485353,"31":0.9307445726,"32":0.9020604099,"33":0.9058764833,"34":0.8661894575,"35":0.9055361016,"36":0.8894644331,"37":0.8898247033,"38":0.8946655879,"39":0.9135318962,"40":0.8897441311,"41":0.8825652149,"42":0.8913727077,"43":0.8902454153,"44":0.9337666612,"45":0.8583137499,"46":0.9225318705,"47":0.9113106796,"48":0.9009978425,"49":0.9180105315},"pdff35":{"0":0.7960933226,"1":0.9239581657,"2":0.850928399,"3":0.8875044248,"4":0.8636884454,"5":0.8833467418,"6":0.8506709574,"7":0.8763507643,"8":0.8244891392,"9":0.8480334728,"10":0.8261174578,"11":0.8138374899,"12":0.8731263073,"13":0.8020144811,"14":0.9114193756,"15":0.8461721641,"16":0.900003218,"17":0.9061367659,"18":0.8710410298,"19":0.8115867396,"20":0.7930619469,"21":0.8948608206,"22":0.7785776348,"23":0.9125921158,"24":0.9240939813,"25":0.8597779566,"26":0.7891810137,"27":0.8358809332,"28":0.868917136,"29":0.8950048278,"30":0.8537731295,"31":0.8673531778,"32":0.8190249397,"33":0.838609815,"34":0.9091921468,"35":0.8028189863,"36":0.9492968624,"37":0.9048173773,"38":0.7917940467,"39":0.8357064693,"40":0.8336154465,"41":0.8479806919,"42":0.8501045857,"43":0.8651777957,"44":0.9046797554,"45":0.8684730491,"46":0.7967304907,"47":0.9047272727,"48":0.8381078037,"49":0.8891857097},"Rainbow":{"0":0.9097004049,"1":0.9284036126,"2":0.9060895643,"3":0.917697382,"4":0.9198474994,"5":0.9046602305,"6":0.9248657739,"7":0.9197391799,"8":0.9096528943,"9":0.9244399591,"10":0.9376144503,"11":0.9111778262,"12":0.9207968902,"13":0.9128014842,"14":0.9249233759,"15":0.8908676425,"16":0.9114194955,"17":0.9074564891,"18":0.9293371028,"19":0.9450175675,"20":0.9099395827,"21":0.9291884148,"22":0.9222055345,"23":0.9048772467,"24":0.9102514266,"25":0.9215421987,"26":0.9114680785,"27":0.9306328592,"28":0.9343900619,"29":0.8990306745,"30":0.9208321395,"31":0.931390844,"32":0.9319801514,"33":0.9155107931,"34":0.9228352147,"35":0.9286726876,"36":0.9219632513,"37":0.93100588,"38":0.9257345074,"39":0.9119533528,"40":0.9314506384,"41":0.9144565556,"42":0.9348833328,