{"Artifacts":{"0":0.7334622054,"1":0.740204316,"2":0.73827534,"3":0.7517603822,"4":0.7481471101,"5":0.7620886694,"6":0.742048174,"7":0.7260109608,"8":0.7296020639,"9":0.7482231963,"10":0.7360915574,"11":0.7322010361,"12":0.7427953512,"13":0.7384264176,"14":0.744365518,"15":0.7346656259,"16":0.7500353062,"17":0.7477863851,"18":0.7318895754,"19":0.7297487624},"badsequence":{"0":0.9988450259,"1":0.9987920496,"2":0.998734221,"3":0.9988103744,"4":0.9988026677,"5":0.9987341639,"6":0.9987974728,"7":0.9988470239,"8":0.9988319531,"9":0.9988390889,"10":0.9986668018,"11":0.9988539885,"12":0.9987844,"13":0.9988331519,"14":0.9987209199,"15":0.9987859985,"16":0.9988068921,"17":0.9986753077,"18":0.9987390734,"19":0.9988412011},"Field_artefacts":{"0":0.8608071688,"1":0.8453942363,"2":0.8485433911,"3":0.8567888226,"4":0.8430263078,"5":0.8508713787,"6":0.8570013656,"7":0.8530529161,"8":0.8481430305,"9":0.8443481635,"10":0.8389309326,"11":0.8475015976,"12":0.8616216792,"13":0.8379362124,"14":0.8533363067,"15":0.8489622957,"16":0.8469210272,"17":0.8480617221,"18":0.8421956308,"19":0.8439254549},"highiron-lowt1":{"0":0.8375990266,"1":0.8624314879,"2":0.8411870075,"3":0.8356268407,"4":0.8460856379,"5":0.8426467357,"6":0.8508033552,"7":0.8244280855,"8":0.8517552843,"9":0.8424658226,"10":0.8415798918,"11":0.8301101551,"12":0.8461112608,"13":0.8489208493,"14":0.8322958652,"15":0.8412196184,"16":0.7954881976,"17":0.8451810723,"18":0.8595997705,"19":0.8512358385},"lookuptable-rip":{"0":0.8206097365,"1":0.8341685411,"2":0.8129153278,"3":0.7919569409,"4":0.8181499036,"5":0.7621296594,"6":0.8003020566,"7":0.806628374,"8":0.7895991324,"9":0.8267440553,"10":0.8072718509,"11":0.7764162918,"12":0.7855784062,"13":0.7819481041,"14":0.8111246787,"15":0.8426076478,"16":0.798308162,"17":0.8203615039,"18":0.7743613432,"19":0.7922011568},"m50pcfail":{"0":0.915954295,"1":0.9145929035,"2":0.9196012965,"3":0.9189199268,"4":0.9186281038,"5":0.921111857,"6":0.9160351697,"7":0.9154396171,"8":0.9193539546,"9":0.9129021721,"10":0.9164242671,"11":0.9189664298,"12":0.9109634248,"13":0.9214841054,"14":0.9179166307,"15":0.9181419567,"16":0.9161915276,"17":0.9155795754,"18":0.9200820519,"19":0.9177276983},"Other_Unlisted":{"0":0.9034887948,"1":0.9082889881,"2":0.9112574543,"3":0.9145104311,"4":0.8982233942,"5":0.9091685819,"6":0.903566981,"7":0.9026102869,"8":0.9027738262,"9":0.9117065901,"10":0.9101902138,"11":0.9062109748,"12":0.9119937069,"13":0.9115949577,"14":0.9131730141,"15":0.9035808807,"16":0.9026795685,"17":0.9103053211,"18":0.904517811,"19":0.9028246472},"pdff35":{"0":0.8023428214,"1":0.8199721152,"2":0.8391786961,"3":0.8189458937,"4":0.8225876348,"5":0.8497354213,"6":0.8369451269,"7":0.8296212878,"8":0.8470641706,"9":0.8251541494,"10":0.8319932239,"11":0.8298009726,"12":0.838571419,"13":0.839646165,"14":0.8420171402,"15":0.8602849398,"16":0.835001744,"17":0.8327331027,"18":0.8357411424,"19":0.8300094839},"Rainbow":{"0":0.9110303771,"1":0.9032110663,"2":0.9067934268,"3":0.9041022322,"4":0.8989368598,"5":0.8974885288,"6":0.9101127593,"7":0.9116102684,"8":0.9102204295,"9":0.9064961231,"10":0.9047719107,"11":0.9098240245,"12":0.9035856764,"13":0.9102487441,"14":0.9065078588,"15":0.9029070565,"16":0.8991635632,"17":0.906235703,"18":0.9077589187,"19":0.9003199927},"Segmentation_fail":{"0":0.8924927658,"1":0.8971893262,"2":0.8907610811,"3":0.884065962,"4":0.8986421504,"5":0.8905202951,"6":0.8966933,"7":0.8928724532,"8":0.8972781667,"9":0.8951741979,"10":0.8963795379,"11":0.8911041041,"12":0.8894312939,"13":0.8909831824,"14":0.8874768028,"15":0.887631216,"16":0.8944098875,"17":0.8869726681,"18":0.880252166,"19":0.8875265111},"Wrong_location":{"0":0.9025104583,"1":0.8997972551,"2":0.9038934351,"3":0.9197942277,"4":0.9193103005,"5":0.9190992991,"6":0.9032936865,"7":0.9014279293,"8":0.919521302,"9":0.9200476588,"10":0.8835352372,"11":0.9168952516,"12":0.9003029705,"13":0.901972634,"14":0.9189227001,"15":0.9033670783,"16":0.9183401527,"17":0.95364849,"18":0.9194249752,"19":0.9373463359},"zeroct1":{"0":0.8897929537,"1":0.895644497,"2":0.889924869,"3":0.8895920465,"4":0.8916860813,"5":0.8969885633,"6":0.8929518928,"7":0.8903704423,"8":0.9040203169,"9":0.902704039,"10":0.8902053087,"11":0.9122357942,"12":0.9022012918,"13":0.8965535304,"14":0.896560238,"15":0.9027810162,"16":0.8948389516,"17":0.8924239124,"18":0.8997990289,"19":0.8872670802}}