{"Artifacts":{"0":0.7371039414,"1":0.7293699737,"2":0.7291269358,"3":0.7344362726,"4":0.7428432472,"5":0.7357694228,"6":0.742819436,"7":0.7431689398,"8":0.7347759235,"9":0.7365787278,"10":0.7494208693,"11":0.7404380483,"12":0.7405064712,"13":0.743549918,"14":0.7256138348,"15":0.7347663443,"16":0.7375081834,"17":0.7275983701,"18":0.7420952489,"19":0.7413685986},"badsequence":{"0":0.9987844571,"1":0.9988151697,"2":0.998779776,"3":0.9987326226,"4":0.998837148,"5":0.9988143705,"6":0.9987181797,"7":0.998801526,"8":0.9988280712,"9":0.9987809749,"10":0.9988092898,"11":0.9988179098,"12":0.9987628784,"13":0.9987721835,"14":0.9987629355,"15":0.9987848567,"16":0.9987647623,"17":0.9987923351,"18":0.9987597958,"19":0.9988422287},"Field_artefacts":{"0":0.8484411613,"1":0.8482091233,"2":0.8563314035,"3":0.8616202527,"4":0.8534941686,"5":0.8468035818,"6":0.8398971235,"7":0.8513944151,"8":0.8502090244,"9":0.8490626236,"10":0.8433282424,"11":0.8570926592,"12":0.8541550965,"13":0.8356957145,"14":0.8609388789,"15":0.8571877568,"16":0.8426787263,"17":0.8504296506,"18":0.8616473555,"19":0.8510558679},"highiron-lowt1":{"0":0.8613708556,"1":0.8424619403,"2":0.8383490785,"3":0.8343270614,"4":0.8267628741,"5":0.8593482003,"6":0.8512389443,"7":0.8479537794,"8":0.8497908629,"9":0.8520969228,"10":0.8497248645,"11":0.8371913898,"12":0.8396465284,"13":0.861944653,"14":0.8490866217,"15":0.8553122071,"16":0.802890883,"17":0.8417274175,"18":0.8335956444,"19":0.849598303},"lookuptable-rip":{"0":0.781341581,"1":0.7725514139,"2":0.8193107326,"3":0.8327964332,"4":0.7901397815,"5":0.806966581,"6":0.8078864075,"7":0.8002618895,"8":0.7580454692,"9":0.8195525386,"10":0.7977329692,"11":0.7932053342,"12":0.7593541131,"13":0.821374518,"14":0.8171224293,"15":0.8234101864,"16":0.7727096722,"17":0.8189042416,"18":0.8012258997,"19":0.819250482},"m50pcfail":{"0":0.9109629755,"1":0.9158462373,"2":0.9175805512,"3":0.9191621017,"4":0.9113839735,"5":0.9193732747,"6":0.9160178715,"7":0.9191917558,"8":0.9162434222,"9":0.916339124,"10":0.9211965508,"11":0.9200079167,"12":0.9210752387,"13":0.9160230385,"14":0.9199578193,"15":0.9129194703,"16":0.9156892056,"17":0.9206284057,"18":0.9205798809,"19":0.9156177662},"Other_Unlisted":{"0":0.9085374462,"1":0.9132129759,"2":0.9045482167,"3":0.9182651022,"4":0.915186741,"5":0.9152862111,"6":0.90959209,"7":0.9111327909,"8":0.9109056168,"9":0.914355362,"10":0.9120866615,"11":0.9106923424,"12":0.9071300961,"13":0.9118586187,"14":0.910533364,"15":0.9069780675,"16":0.9135478731,"17":0.907994487,"18":0.9126052961,"19":0.9068607883},"pdff35":{"0":0.8254933406,"1":0.8441440515,"2":0.8287963709,"3":0.8170097174,"4":0.8488711083,"5":0.8129831433,"6":0.8372679831,"7":0.8391445848,"8":0.8312192338,"9":0.8417677914,"10":0.8483325342,"11":0.8239761086,"12":0.8197064315,"13":0.8440489242,"14":0.831440717,"15":0.8304644613,"16":0.8276971224,"17":0.8416140504,"18":0.8426575678,"19":0.8421636746},"Rainbow":{"0":0.903645845,"1":0.8986639589,"2":0.9049894863,"3":0.9126431938,"4":0.9048698942,"5":0.9147263688,"6":0.9026157137,"7":0.9077564971,"8":0.9118425602,"9":0.9047184482,"10":0.8998684487,"11":0.9068709195,"12":0.9098655651,"13":0.9005863738,"14":0.9054691587,"15":0.8996713639,"16":0.9023860299,"17":0.9010656736,"18":0.9089587515,"19":0.9108500576},"Segmentation_fail":{"0":0.8977491624,"1":0.891242653,"2":0.8902650549,"3":0.8959758777,"4":0.8945709991,"5":0.8914065849,"6":0.8883031605,"7":0.8948012088,"8":0.8891228199,"9":0.893090324,"10":0.8927483586,"11":0.8935690756,"12":0.890303482,"13":0.8900295571,"14":0.8876019551,"15":0.8895479852,"16":0.8906383966,"17":0.8906616643,"18":0.8873833792,"19":0.8936177264},"Wrong_location":{"0":0.9208354739,"1":0.9204444332,"2":0.9207013045,"3":0.9189043521,"4":0.9542883747,"5":0.8843482808,"6":0.9025586217,"7":0.9189559557,"8":0.9009107464,"9":0.8853425104,"10":0.9167358537,"11":0.9182587336,"12":0.9196015743,"13":0.9023453268,"14":0.8846888646,"15":0.9473941323,"16":0.9191165003,"17":0.9208652893,"18":0.8836441782,"19":0.9352477891},"zeroct1":{"0":0.8987852298,"1":0.888557486,"2":0.9028464947,"3":0.8971853182,"4":0.8974248738,"5":0.8897737893,"6":0.8817448459,"7":0.8907866301,"8":0.8957476656,"9":0.8967710469,"10":0.8993186402,"11":0.8889516347,"12":0.8931556747,"13":0.9026292977,"14":0.8985447161,"15":0.8909089631,"16":0.8991998206,"17":0.8937488142,"18":0.8991717128,"19":0.8984543238}}