{"Artifacts":{"0":0.750185289,"1":0.7499006501,"2":0.7279662112,"3":0.7452949735,"4":0.7245546496,"5":0.7560587035,"6":0.7441014059,"7":0.730223343,"8":0.7383350047,"9":0.7389289147,"10":0.7568105334,"11":0.7405494407,"12":0.7301218036,"13":0.7351815339,"14":0.7340681579,"15":0.7240053512,"16":0.7417684616,"17":0.7392379122,"18":0.7634056718,"19":0.7221360399},"badsequence":{"0":0.9988247602,"1":0.9988446263,"2":0.9987235458,"3":0.9986465361,"4":0.9987401009,"5":0.9988223055,"6":0.9987486639,"7":0.9987994138,"8":0.998764591,"9":0.998750719,"10":0.9987680162,"11":0.9987653331,"12":0.9988134571,"13":0.998774467,"14":0.9986495617,"15":0.9986686286,"16":0.998712471,"17":0.9987754945,"18":0.9987898233,"19":0.9988796774},"Field_artefacts":{"0":0.8465905633,"1":0.8584962988,"2":0.8521984647,"3":0.8510363729,"4":0.8529302403,"5":0.8549577196,"6":0.8434965651,"7":0.8449011556,"8":0.8551512431,"9":0.8541512926,"10":0.8492442599,"11":0.8497183211,"12":0.8458816112,"13":0.8570493899,"14":0.8493217644,"15":0.8501191572,"16":0.8461721341,"17":0.8547660981,"18":0.8424324237,"19":0.8432141254},"highiron-lowt1":{"0":0.8443704573,"1":0.8450055943,"2":0.8377908101,"3":0.8298430559,"4":0.8642957471,"5":0.8570514577,"6":0.8467906556,"7":0.8402630306,"8":0.8161720802,"9":0.8559807316,"10":0.8486580206,"11":0.8572098538,"12":0.8421001141,"13":0.8483831569,"14":0.837744223,"15":0.8430955245,"16":0.8385905548,"17":0.8535884855,"18":0.8471400586,"19":0.8592985074},"lookuptable-rip":{"0":0.8159535668,"1":0.8325112468,"2":0.7927723329,"3":0.8048714653,"4":0.7986576157,"5":0.8327980398,"6":0.7781595437,"7":0.8390456298,"8":0.7940576799,"9":0.8009085797,"10":0.7964411954,"11":0.8096931234,"12":0.8050626607,"13":0.7892906491,"14":0.8259808805,"15":0.8255976864,"16":0.8149445694,"17":0.7671891067,"18":0.7951622751,"19":0.816907937},"m50pcfail":{"0":0.9271309596,"1":0.918051422,"2":0.9163020564,"3":0.916323623,"4":0.9146337902,"5":0.9187956942,"6":0.9144877663,"7":0.9152401261,"8":0.9170829469,"9":0.9168553744,"10":0.9137522555,"11":0.9192950958,"12":0.9152652871,"13":0.9149923349,"14":0.9198358333,"15":0.9166832909,"16":0.9185831734,"17":0.9180911854,"18":0.9219787893,"19":0.9122861762},"Other_Unlisted":{"0":0.9084345011,"1":0.9092402525,"2":0.9133658732,"3":0.9157218816,"4":0.9084540476,"5":0.909519985,"6":0.9118987976,"7":0.914057386,"8":0.9121552915,"9":0.9076782676,"10":0.9044022693,"11":0.9101706673,"12":0.9020453923,"13":0.917871131,"14":0.9031386948,"15":0.9107666192,"16":0.9135474388,"17":0.9103917602,"18":0.9146902592,"19":0.9126782698},"pdff35":{"0":0.8366583038,"1":0.8429607259,"2":0.8321378365,"3":0.8265853825,"4":0.8278801704,"5":0.8262413869,"6":0.8190069097,"7":0.8276389891,"8":0.8398508327,"9":0.8388438289,"10":0.8319317274,"11":0.8331347511,"12":0.8401765716,"13":0.8409592096,"14":0.8386045694,"15":0.8426220151,"16":0.8217146739,"17":0.8269923158,"18":0.8483373386,"19":0.850021764},"Rainbow":{"0":0.9049442202,"1":0.9067593375,"2":0.9053678221,"3":0.9043108664,"4":0.9078677066,"5":0.9080528694,"6":0.908726646,"7":0.9087499311,"8":0.9148640301,"9":0.9069551183,"10":0.9163928343,"11":0.9031229556,"12":0.8999651283,"13":0.8996626087,"14":0.8980104868,"15":0.9025769674,"16":0.9059786359,"17":0.9070063455,"18":0.9054928163,"19":0.9055395727},"Segmentation_fail":{"0":0.8873276776,"1":0.8904910342,"2":0.9059915869,"3":0.8844516426,"4":0.8880532084,"5":0.8910505178,"6":0.895491838,"7":0.8920270583,"8":0.89363835,"9":0.8908224233,"10":0.8948297647,"11":0.8939258478,"12":0.8887984815,"13":0.8936921127,"14":0.8911626261,"15":0.8888379662,"16":0.8939646274,"17":0.8818294375,"18":0.8819866711,"19":0.8926838434},"Wrong_location":{"0":0.9197185424,"1":0.9024015174,"2":0.9448105115,"3":0.9365011834,"4":0.8931575905,"5":0.9376869197,"6":0.8845019449,"7":0.9012238083,"8":0.8829331951,"9":0.9380951616,"10":0.9198618858,"11":0.9189857712,"12":0.9032340556,"13":0.9020460258,"14":0.9198595923,"15":0.8851326557,"16":0.9378176489,"17":0.8636414719,"18":0.9027925581,"19":0.9189123794},"zeroct1":{"0":0.8958869272,"1":0.8954879874,"2":0.8955901978,"3":0.9066423321,"4":0.9006831485,"5":0.9029126121,"6":0.8920530804,"7":0.8911443664,"8":0.8993914651,"9":0.8941209238,"10":0.9052592981,"11":0.8923271319,"12":0.9030672052,"13":0.8937820326,"14":0.8959472952,"15":0.8932253055,"16":0.9093473932,"17":0.8945320011,"18":0.9018509019,"19":0.8984198278}}