{"Artifacts":{"0":0.6073882409,"1":0.6052851972,"2":0.6003187956,"3":0.6134154699,"4":0.5915305691,"5":0.6012017236,"6":0.6176899801,"7":0.5983164703,"8":0.6107201583,"9":0.6220509766,"10":0.6351509353,"11":0.6074506425,"12":0.6235518995,"13":0.6103889919,"14":0.6013358323,"15":0.6070340844,"16":0.5989437707,"17":0.5988266308,"18":0.6219404054,"19":0.5928076126},"badsequence":{"0":0.9996992969,"1":0.9997328637,"2":0.9996526001,"3":0.9996902201,"4":0.9996948156,"5":0.9996659583,"6":0.9996201464,"7":0.9996751207,"8":0.9996549692,"9":0.9996611916,"10":0.9997293529,"11":0.9996730942,"12":0.9997175931,"13":0.9996735508,"14":0.9996465489,"15":0.9996480903,"16":0.9997126836,"17":0.9997405419,"18":0.9996784888,"19":0.9996376434},"Field_artefacts":{"0":0.8120463848,"1":0.804656831,"2":0.8043230387,"3":0.810206723,"4":0.8092937867,"5":0.7944362238,"6":0.7911933979,"7":0.8052611759,"8":0.8060614216,"9":0.8026279252,"10":0.7983675558,"11":0.8031038883,"12":0.8015447643,"13":0.8069106426,"14":0.8008025281,"15":0.8045864589,"16":0.8024158577,"17":0.7946107278,"18":0.80488982,"19":0.803581278},"highiron-lowt1":{"0":0.5179604802,"1":0.5204117365,"2":0.5544839667,"3":0.5802008058,"4":0.517089302,"5":0.5537898193,"6":0.5129803224,"7":0.5581441575,"8":0.5457155036,"9":0.5181771101,"10":0.5443070212,"11":0.5649132588,"12":0.514497508,"13":0.5444607585,"14":0.5701737154,"15":0.5415537254,"16":0.5545336595,"17":0.5510318648,"18":0.5305048253,"19":0.5204451239},"lookuptable-rip":{"0":0.7457583548,"1":0.7154426414,"2":0.7410065874,"3":0.726219473,"4":0.7057085476,"5":0.7088753213,"6":0.7166002571,"7":0.74218509,"8":0.688627892,"9":0.7436945694,"10":0.7219633676,"11":0.7342079049,"12":0.7337355398,"13":0.7406041131,"14":0.7306820373,"15":0.7296392995,"16":0.7066749679,"17":0.6732029242,"18":0.7238303342,"19":0.7202699229},"m50pcfail":{"0":0.7210935703,"1":0.7328819624,"2":0.7322771991,"3":0.7190752962,"4":0.7209035146,"5":0.7070847172,"6":0.7198206917,"7":0.7360419183,"8":0.7239767548,"9":0.7207085166,"10":0.7229330213,"11":0.7078130392,"12":0.7107106014,"13":0.7004260302,"14":0.7257937407,"15":0.7011435688,"16":0.7185837575,"17":0.7254715896,"18":0.7174977894,"19":0.7136342233},"Other_Unlisted":{"0":0.6685034613,"1":0.6580486743,"2":0.6468706658,"3":0.6786450693,"4":0.6673467411,"5":0.6761083642,"6":0.6730947238,"7":0.6750923791,"8":0.6687675566,"9":0.6545867668,"10":0.6663924361,"11":0.6519280045,"12":0.6618315793,"13":0.6595090172,"14":0.6743874009,"15":0.6692579573,"16":0.6562582123,"17":0.6783357998,"18":0.6502774087,"19":0.6423719235},"pdff35":{"0":0.7375851701,"1":0.7566404122,"2":0.7296751932,"3":0.7599295097,"4":0.7192313716,"5":0.731802585,"6":0.7342374588,"7":0.7301056681,"8":0.7432534104,"9":0.7236716053,"10":0.7132489231,"11":0.745771881,"12":0.7247103182,"13":0.7386046655,"14":0.7364186599,"15":0.7339299767,"16":0.7467212319,"17":0.7258191755,"18":0.7137697209,"19":0.7399364473},"Rainbow":{"0":0.8760269645,"1":0.8824353867,"2":0.8760049834,"3":0.8763596615,"4":0.8926487748,"5":0.8799027169,"6":0.881444747,"7":0.8819450964,"8":0.8836398765,"9":0.8710339016,"10":0.8760534163,"11":0.8792425387,"12":0.8822315959,"13":0.8785033776,"14":0.8856673537,"15":0.8773938909,"16":0.8874847064,"17":0.8803244559,"18":0.8741250404,"19":0.8830743289},"Segmentation_fail":{"0":0.84835913,"1":0.8565469106,"2":0.8525815217,"3":0.8464603405,"4":0.8547440124,"5":0.8433428144,"6":0.8454711085,"7":0.8543410573,"8":0.8619407984,"9":0.8531558121,"10":0.8480221001,"11":0.8551388591,"12":0.8653463511,"13":0.8419887017,"14":0.8457626605,"15":0.8515729,"16":0.8515972254,"17":0.8569079133,"18":0.8558464103,"19":0.8620204728},"Wrong_location":{"0":0.8438772889,"1":0.8474757807,"2":0.831045191,"3":0.8495364849,"4":0.8676046292,"5":0.8663535283,"6":0.8676011889,"7":0.8497784485,"8":0.8652480643,"9":0.8674509651,"10":0.8656517192,"11":0.8314947158,"12":0.8483427214,"13":0.8310967946,"14":0.844755697,"15":0.8492945213,"16":0.8485995927,"17":0.8498885362,"18":0.8832623115,"19":0.8488966001},"zeroct1":{"0":0.7275429459,"1":0.7359225986,"2":0.7219258477,"3":0.7204239941,"4":0.7151544111,"5":0.7145139993,"6":0.7423874041,"7":0.7242996833,"8":0.7214215034,"9":0.7245152833,"10":0.7368859313,"11":0.7266664921,"12":0.7169635345,"13":0.7305555964,"14":0.7138288705,"15":0.7233944828,"16":0.71875541,"17":0.7436931415,"18":0.7191201732,"19":0.7137004687}}