{"Artifacts":{"0":0.5879178445,"1":0.6167659983,"2":0.6130021961,"3":0.6126190283,"4":0.6100096558,"5":0.6060838283,"6":0.63415032,"7":0.6252991446,"8":0.6089553971,"9":0.6021448637,"10":0.6282320201,"11":0.6309771435,"12":0.6200240191,"13":0.6213005152,"14":0.606959093,"15":0.5982184888,"16":0.594659955,"17":0.6146613125,"18":0.5940299177,"19":0.6092022666},"badsequence":{"0":0.999637044,"1":0.9997440812,"2":0.9997444808,"3":0.9996728087,"4":0.9996644455,"5":0.9997032929,"6":0.9996460637,"7":0.9996837122,"8":0.9996680135,"9":0.9996125825,"10":0.9996732369,"11":0.9996389279,"12":0.9996610774,"13":0.9996423245,"14":0.9997314936,"15":0.9997153382,"16":0.9996739219,"17":0.9997719394,"18":0.9995890914,"19":0.9996829701},"Field_artefacts":{"0":0.7985225647,"1":0.7976747702,"2":0.8127111165,"3":0.7894008095,"4":0.8022194813,"5":0.7996784752,"6":0.7984583739,"7":0.794272656,"8":0.8015861317,"9":0.8007820821,"10":0.793791938,"11":0.7888939396,"12":0.807664766,"13":0.8070789652,"14":0.7896566218,"15":0.8020925261,"16":0.7901287811,"17":0.7980637192,"18":0.7887874304,"19":0.8058617168},"highiron-lowt1":{"0":0.540145243,"1":0.5497460616,"2":0.5569934568,"3":0.5378748997,"4":0.5674227489,"5":0.5430173358,"6":0.5385977758,"7":0.5539761676,"8":0.5654940442,"9":0.5511211567,"10":0.5404814463,"11":0.5523658079,"12":0.571365568,"13":0.529896864,"14":0.5305785881,"15":0.5443411851,"16":0.5696061296,"17":0.5319164135,"18":0.5323403558,"19":0.5417416266},"lookuptable-rip":{"0":0.7147051735,"1":0.7449453728,"2":0.6900297237,"3":0.7103382069,"4":0.7230044987,"5":0.7226446015,"6":0.7225241003,"7":0.7028462404,"8":0.7096151992,"9":0.7189436054,"10":0.6975096401,"11":0.7300827442,"12":0.7417986825,"13":0.7162291131,"14":0.7155767995,"15":0.7231715938,"16":0.7171160026,"17":0.6877385925,"18":0.7216380141,"19":0.7365078728},"m50pcfail":{"0":0.7161193244,"1":0.7091915042,"2":0.7222968067,"3":0.7126790028,"4":0.7352381132,"5":0.715146581,"6":0.733247696,"7":0.7146968276,"8":0.7344877753,"9":0.7149259727,"10":0.7187756103,"11":0.703924312,"12":0.7211124411,"13":0.7011826583,"14":0.7183249583,"15":0.722282429,"16":0.7129023069,"17":0.7306035412,"18":0.7296357402,"19":0.7125266887},"Other_Unlisted":{"0":0.6529626674,"1":0.6599889931,"2":0.6556883223,"3":0.6637801511,"4":0.661001069,"5":0.6596888453,"6":0.6703716751,"7":0.6296597297,"8":0.6559285275,"9":0.6625322138,"10":0.6784687162,"11":0.6449707432,"12":0.6459641412,"13":0.6404463732,"14":0.6386211618,"15":0.6537684188,"16":0.6696349881,"17":0.6664858251,"18":0.6706948444,"19":0.6540216549},"pdff35":{"0":0.7332078742,"1":0.7369356142,"2":0.7424683702,"3":0.725287808,"4":0.7366790588,"5":0.7384835944,"6":0.7369740495,"7":0.7285346268,"8":0.7497066909,"9":0.7267435436,"10":0.7378474908,"11":0.7341490577,"12":0.7522021003,"13":0.7382558655,"14":0.742015795,"15":0.713590036,"16":0.7303564582,"17":0.7320120571,"18":0.7441028297,"19":0.7453481322},"Rainbow":{"0":0.8790614741,"1":0.8899641,"2":0.8809663786,"3":0.8743519301,"4":0.8808356097,"5":0.8725036548,"6":0.8868178221,"7":0.88672878,"8":0.8825322526,"9":0.8793606406,"10":0.8738404038,"11":0.8769423469,"12":0.8827878295,"13":0.8717801413,"14":0.8913843027,"15":0.8820687867,"16":0.884631634,"17":0.8863334928,"18":0.8768071073,"19":0.8802182761},"Segmentation_fail":{"0":0.8424642805,"1":0.8464416558,"2":0.8547524734,"3":0.8555629668,"4":0.8519293196,"5":0.8506478306,"6":0.8474509826,"7":0.8457104843,"8":0.8466295605,"9":0.8518242622,"10":0.8597264841,"11":0.8376002629,"12":0.8484148316,"13":0.8503784888,"14":0.8407978159,"15":0.850402109,"16":0.8585151508,"17":0.8509284538,"18":0.8465128692,"19":0.8437189763},"Wrong_location":{"0":0.8430092015,"1":0.8495835015,"2":0.839586162,"3":0.8660817493,"4":0.8481844703,"5":0.8660462001,"6":0.8801259587,"7":0.8668569502,"8":0.8494630931,"9":0.8667892921,"10":0.8492085153,"11":0.8500467873,"12":0.845775155,"13":0.8655450717,"14":0.8474482588,"15":0.8498564273,"16":0.8665851712,"17":0.8296083171,"18":0.846545769,"19":0.8479826428},"zeroct1":{"0":0.710374799,"1":0.7341214604,"2":0.7214336409,"3":0.7335551511,"4":0.720436451,"5":0.7221369759,"6":0.714223658,"7":0.7312321012,"8":0.7333916145,"9":0.721734842,"10":0.7363186638,"11":0.7205517571,"12":0.7290920717,"13":0.7440272416,"14":0.715782366,"15":0.7259577271,"16":0.7260228862,"17":0.7183529567,"18":0.739570231,"19":0.7381223573}}