{"Artifacts":{"0":0.7323564927,"1":0.7454014394,"2":0.7345175589,"3":0.7278586505,"4":0.7343191328,"5":0.7376154703,"6":0.7550444037,"7":0.7418724643,"8":0.752851863,"9":0.7392838923,"10":0.7445382172,"11":0.7439454019,"12":0.7499994526,"13":0.743089843,"14":0.7435608657,"15":0.7418193681,"16":0.7507146079,"17":0.7445866605,"18":0.7206895816,"19":0.734269321},"badsequence":{"0":0.9982512121,"1":0.9983130368,"2":0.9983354147,"3":0.9982453322,"4":0.9982972809,"5":0.9983396962,"6":0.9983873634,"7":0.9982440763,"8":0.9983818831,"9":0.9982481294,"10":0.9983013341,"11":0.9982486147,"12":0.9982922002,"13":0.9983696666,"14":0.9982824955,"15":0.9982842652,"16":0.9982508696,"17":0.9982616019,"18":0.9982078835,"19":0.9983498576},"Field_artefacts":{"0":0.8454493929,"1":0.8601547998,"2":0.8599465362,"3":0.8506402917,"4":0.86609792,"5":0.8481430305,"6":0.8610762948,"7":0.8427975982,"8":0.8599969379,"9":0.8467122881,"10":0.8535906926,"11":0.8557413233,"12":0.8522398322,"13":0.8498086638,"14":0.8363613972,"15":0.8389043053,"16":0.8597958066,"17":0.854980543,"18":0.8476066804,"19":0.8495713954},"highiron-lowt1":{"0":0.8341042199,"1":0.8580802555,"2":0.8604845366,"3":0.829118627,"4":0.839143388,"5":0.8580616207,"6":0.8604934658,"7":0.8474809207,"8":0.8437966599,"9":0.8634998847,"10":0.8494779531,"11":0.8316032707,"12":0.8007890297,"13":0.8249071559,"14":0.8539479824,"15":0.8661165251,"16":0.8124753962,"17":0.8460211925,"18":0.8530185704,"19":0.8353061663},"lookuptable-rip":{"0":0.7974686697,"1":0.8336527956,"2":0.8270179949,"3":0.7901767352,"4":0.8327080656,"5":0.8143806234,"6":0.8340584833,"7":0.806343991,"8":0.795434608,"9":0.8058073586,"10":0.8029000643,"11":0.8153550771,"12":0.8349100257,"13":0.8356113432,"14":0.8077691195,"15":0.8037234897,"16":0.8056322301,"17":0.7794440874,"18":0.835625,"19":0.8233901028},"m50pcfail":{"0":0.9169185016,"1":0.912955864,"2":0.9124548899,"3":0.9133892178,"4":0.9202303223,"5":0.913395508,"6":0.9149114601,"7":0.9124202934,"8":0.9166466726,"9":0.9168210026,"10":0.9112494069,"11":0.9125714843,"12":0.9130225856,"13":0.9142487366,"14":0.9112294129,"15":0.9119386394,"16":0.9096579717,"17":0.914241997,"18":0.9139876909,"19":0.9095263256},"Other_Unlisted":{"0":0.9053074908,"1":0.9086416943,"2":0.9123153559,"3":0.8967274332,"4":0.9032407711,"5":0.9036516826,"6":0.9099395839,"7":0.9085476538,"8":0.9106250155,"9":0.9041129807,"10":0.9070710221,"11":0.9022643134,"12":0.9051359157,"13":0.9095349707,"14":0.9004947009,"15":0.902673053,"16":0.9070692846,"17":0.9063816812,"18":0.9087224866,"19":0.9064225117},"pdff35":{"0":0.831695831,"1":0.8085693338,"2":0.8303342619,"3":0.8241894243,"4":0.8127088116,"5":0.8130734661,"6":0.8554363315,"7":0.8507991171,"8":0.8495249882,"9":0.8295833329,"10":0.833545528,"11":0.8454633419,"12":0.8395558421,"13":0.8299715291,"14":0.8425167986,"15":0.8546080516,"16":0.8292090696,"17":0.8572744979,"18":0.827761982,"19":0.8274405671},"Rainbow":{"0":0.9024415414,"1":0.9031412111,"2":0.8951302175,"3":0.8985700735,"4":0.9064991036,"5":0.8989815672,"6":0.907244412,"7":0.9009293162,"8":0.904912925,"9":0.8964574662,"10":0.9070277677,"11":0.9015837197,"12":0.9015446008,"13":0.9072952665,"14":0.9023843533,"15":0.9035324001,"16":0.8948027364,"17":0.901008858,"18":0.9043531521,"19":0.8937932823},"Segmentation_fail":{"0":0.8833467769,"1":0.8873088166,"2":0.8794850353,"3":0.8879118392,"4":0.8864530217,"5":0.8838815827,"6":0.8878074869,"7":0.8800727223,"8":0.8801125595,"9":0.8867516245,"10":0.8815047466,"11":0.8823036061,"12":0.8822803383,"13":0.8830992927,"14":0.8851479124,"15":0.8829166761,"16":0.8895909952,"17":0.8822806909,"18":0.8888221018,"19":0.8821788063},"Wrong_location":{"0":0.7867830538,"1":0.7969546989,"2":0.8516854886,"3":0.8276049503,"4":0.8020668966,"5":0.7886946809,"6":0.8516499395,"7":0.7808956552,"8":0.8192807145,"9":0.8382157994,"10":0.7573598217,"11":0.8424622032,"12":0.8214205442,"13":0.7347597336,"14":0.8217725955,"15":0.7913918297,"16":0.7949077557,"17":0.8094657077,"18":0.8211556457,"19":0.7989351308},"zeroct1":{"0":0.9020623496,"1":0.8863810441,"2":0.8949925866,"3":0.9008859722,"4":0.9035689942,"5":0.8939529155,"6":0.8979784068,"7":0.9041327483,"8":0.9060923126,"9":0.8957396804,"10":0.9027576995,"11":0.8925602993,"12":0.8952062701,"13":0.9072725229,"14":0.8847124599,"15":0.9045067743,"16":0.896870702,"17":0.8923852641,"18":0.891688956,"19":0.8938178062}}