{"Artifacts":{"0":0.7234226625,"1":0.7264994997,"2":0.7254668626,"3":0.7348142403,"4":0.7474127965,"5":0.7322656272,"6":0.7445765339,"7":0.7468982569,"8":0.7394505703,"9":0.7334274466,"10":0.7575016038,"11":0.7388752712,"12":0.7411116025,"13":0.730931656,"14":0.7323113337,"15":0.7381549158,"16":0.7271856437,"17":0.7334882061,"18":0.7460884045,"19":0.7178404555},"badsequence":{"0":0.9983881055,"1":0.9982850073,"2":0.9983086411,"3":0.9983487729,"4":0.9983694953,"5":0.9983203439,"6":0.9983390112,"7":0.9984297787,"8":0.998337584,"9":0.9982276925,"10":0.9983584777,"11":0.9982996215,"12":0.9984228712,"13":0.9983462041,"14":0.9983092691,"15":0.9982855782,"16":0.9983457474,"17":0.9982369976,"18":0.9984209303,"19":0.9983384974},"Field_artefacts":{"0":0.8440790375,"1":0.8561735416,"2":0.8602090054,"3":0.8461469333,"4":0.8606963802,"5":0.8464055986,"6":0.8473541965,"7":0.8520125491,"8":0.8531242392,"9":0.8516288305,"10":0.8536477511,"11":0.8487930221,"12":0.8510225838,"13":0.8477607384,"14":0.847543916,"15":0.8514795274,"16":0.8458469006,"17":0.8500706575,"18":0.8559305674,"19":0.849724027},"highiron-lowt1":{"0":0.8441615919,"1":0.8517762485,"2":0.8568068756,"3":0.8255504456,"4":0.8597806836,"5":0.8624182882,"6":0.8536575897,"7":0.853072922,"8":0.8488451454,"9":0.8340428803,"10":0.8554092635,"11":0.849009753,"12":0.8461850237,"13":0.8467557153,"14":0.8497621342,"15":0.8358589996,"16":0.8334318132,"17":0.8342812508,"18":0.8552524204,"19":0.8627327509},"lookuptable-rip":{"0":0.8460098008,"1":0.7925152635,"2":0.7900168702,"3":0.8567030848,"4":0.7791862147,"5":0.813282455,"6":0.7678470437,"7":0.8110853149,"8":0.7975120501,"9":0.8325899743,"10":0.8248015746,"11":0.8475698907,"12":0.8558973329,"13":0.8070099614,"14":0.7838022172,"15":0.7869770244,"16":0.819527635,"17":0.8010178342,"18":0.830718991,"19":0.8289725257},"m50pcfail":{"0":0.9134689693,"1":0.9155784521,"2":0.9179993027,"3":0.9163921419,"4":0.9125818183,"5":0.9194849267,"6":0.9171600026,"7":0.9091691289,"8":0.9124847686,"9":0.914395659,"10":0.9149656013,"11":0.907255318,"12":0.9168888476,"13":0.917584595,"14":0.913482673,"15":0.9129178978,"16":0.9101737729,"17":0.9143383727,"18":0.9176153723,"19":0.922710481},"Other_Unlisted":{"0":0.9076387402,"1":0.9102836028,"2":0.9019011823,"3":0.9047528037,"4":0.9026144134,"5":0.9158274328,"6":0.9118551437,"7":0.9125735873,"8":0.9106119845,"9":0.9069667739,"10":0.9007179657,"11":0.9059790227,"12":0.9035530812,"13":0.9014709415,"14":0.9130057827,"15":0.909826214,"16":0.8965523832,"17":0.9056115479,"18":0.9092511117,"19":0.9093136605},"pdff35":{"0":0.8356056581,"1":0.8513905397,"2":0.8550366048,"3":0.8298749605,"4":0.8267434475,"5":0.8171730673,"6":0.8306580789,"7":0.8172340832,"8":0.8398590002,"9":0.838847192,"10":0.8300325451,"11":0.8403966135,"12":0.8373285187,"13":0.8107140215,"14":0.833658912,"15":0.8194071169,"16":0.8177366243,"17":0.8209627841,"18":0.839264695,"19":0.8289491511},"Rainbow":{"0":0.9030659537,"1":0.8976464947,"2":0.9042873951,"3":0.9021982591,"4":0.8978705902,"5":0.8985091598,"6":0.9085610426,"7":0.9010565458,"8":0.9045375698,"9":0.9057487657,"10":0.9079694157,"11":0.8982656912,"12":0.90948369,"13":0.9030870034,"14":0.9017256654,"15":0.8942425909,"16":0.8995882828,"17":0.8984622171,"18":0.8989212123,"19":0.9049684366},"Segmentation_fail":{"0":0.8884501703,"1":0.8887776816,"2":0.88343597,"3":0.8822075385,"4":0.8912384225,"5":0.8864646556,"6":0.8855794234,"7":0.88244286,"8":0.8885173295,"9":0.8797586077,"10":0.8847520081,"11":0.8881286523,"12":0.8808530733,"13":0.882285979,"14":0.8865083707,"15":0.8781624752,"16":0.8860676936,"17":0.8888651119,"18":0.8913945985,"19":0.8847819741},"Wrong_location":{"0":0.7739016458,"1":0.821412517,"2":0.8207978606,"3":0.7940740707,"4":0.7693352996,"5":0.8169768999,"6":0.8730275953,"7":0.7906693791,"8":0.8207818062,"9":0.8082788246,"10":0.8459322594,"11":0.7854665884,"12":0.7621119408,"13":0.7403661792,"14":0.8340152655,"15":0.8346494165,"16":0.7630018164,"17":0.7981610767,"18":0.8020038255,"19":0.7042665865},"zeroct1":{"0":0.9008466851,"1":0.8968547316,"2":0.8938877564,"3":0.8950267631,"4":0.8942585884,"5":0.8957658718,"6":0.9019125475,"7":0.8932007111,"8":0.9026487816,"9":0.9078937702,"10":0.9147028968,"11":0.89431161,"12":0.8973619505,"13":0.8952896354,"14":0.9017225001,"15":0.8884607055,"16":0.8925254839,"17":0.8989420589,"18":0.8948942091,"19":0.9014085227}}