{"Artifacts":{"0":0.7356224818,"1":0.795615673,"2":0.7590244305,"3":0.7579937541,"4":0.7156186157,"5":0.754457329,"6":0.7265446224,"7":0.7155676794,"8":0.8044394667,"9":0.7365574035,"10":0.7360313627,"11":0.7744380958,"12":0.7884949033,"13":0.7167254725,"14":0.7709229916,"15":0.7499824515,"16":0.7285732336,"17":0.7779442129,"18":0.7876291352,"19":0.741792978,"20":0.796840561,"21":0.8006064775,"22":0.746123798,"23":0.7165347974,"24":0.7735170845,"25":0.7373685614,"26":0.743668487,"27":0.7644938864,"28":0.779119184,"29":0.7632846341,"30":0.7922533728,"31":0.7555488481,"32":0.6984000467,"33":0.7767314504,"34":0.7588511573,"35":0.7109966166,"36":0.7726270865,"37":0.7618003855,"38":0.7275716234,"39":0.7775258181,"40":0.7445424043,"41":0.7499684126,"42":0.7606477457,"43":0.752850679,"44":0.7274552616,"45":0.7503860679,"46":0.7453110303,"47":0.7354648866,"48":0.7373836624,"49":0.8011078427},"badsequence":{"0":0.9988182509,"1":0.9975639443,"2":0.998258274,"3":0.9977198213,"4":0.9981274815,"5":0.9977923788,"6":0.9981468341,"7":0.9986137708,"8":0.9980968423,"9":0.9980109492,"10":0.9976444865,"11":0.9988935856,"12":0.998862688,"13":0.9980239377,"14":0.9973211472,"15":0.9984151925,"16":0.9981700941,"17":0.9983586046,"18":0.9977276325,"19":0.9984499457,"20":0.9980336583,"21":0.9985898164,"22":0.9982461232,"23":0.9988873367,"24":0.9970686024,"25":0.9985512811,"26":0.9983120845,"27":0.9982065464,"28":0.9974556289,"29":0.9980373864,"30":0.997557001,"31":0.9978661513,"32":0.9985228136,"33":0.9986030087,"34":0.9986892719,"35":0.9983669366,"36":0.998089899,"37":0.9980739294,"38":0.9982402214,"39":0.9977580566,"40":0.998690147,"41":0.9973448833,"42":0.998119408,"43":0.9982857,"44":0.9983748084,"45":0.9983138204,"46":0.9974691683,"47":0.9978763927,"48":0.9984717804,"49":0.9986607475},"Field_artefacts":{"0":0.8405261998,"1":0.8437186742,"2":0.892943338,"3":0.9029090048,"4":0.8727037516,"5":0.8554714485,"6":0.8561505108,"7":0.874549864,"8":0.8814336537,"9":0.8692931906,"10":0.8858705078,"11":0.8792415668,"12":0.8911148673,"13":0.8640269821,"14":0.8432553217,"15":0.8802645697,"16":0.8827221283,"17":0.8574733593,"18":0.8748123036,"19":0.8748529931,"20":0.8635996178,"21":0.8851796869,"22":0.8633850224,"23":0.8626900065,"24":0.879045631,"25":0.8759873594,"26":0.857108841,"27":0.8642081282,"28":0.8721961052,"29":0.8564653652,"30":0.8496832513,"31":0.8894010436,"32":0.9036672301,"33":0.8454392672,"34":0.8469628366,"35":0.8771014919,"36":0.828550011,"37":0.8605629455,"38":0.8875612179,"39":0.864935905,"40":0.8550275593,"41":0.8871375028,"42":0.9002307636,"43":0.8253759702,"44":0.8462425026,"45":0.8577408687,"46":0.9020239583,"47":0.8715749247,"48":0.8513098318,"49":0.887266259},"highiron-lowt1":{"0":0.8876760582,"1":0.9114708618,"2":0.833314876,"3":0.9187741624,"4":0.7953213336,"5":0.8536827394,"6":0.8718301737,"7":0.8744865496,"8":0.824042566,"9":0.8125935318,"10":0.8867201097,"11":0.8489965139,"12":0.8495892397,"13":0.8504600918,"14":0.8956393415,"15":0.784677809,"16":0.9027322461,"17":0.8293834568,"18":0.8181731234,"19":0.8884685733,"20":0.8466949641,"21":0.8190711714,"22":0.8307727932,"23":0.8631252014,"24":0.8643893415,"25":0.8851978657,"26":0.7950165992,"27":0.8273598582,"28":0.8390534391,"29":0.849995843,"30":0.8685311125,"31":0.8893489679,"32":0.8288951756,"33":0.8558160841,"34":0.8760912039,"35":0.8548984565,"36":0.7716582069,"37":0.8711642236,"38":0.8729512323,"39":0.8809600515,"40":0.8464196094,"41":0.9139230773,"42":0.9084900532,"43":0.8313869201,"44":0.7971088294,"45":0.870578089,"46":0.8550439269,"47":0.8701524243,"48":0.8552875322,"49":0.8440669687},"lookuptable-rip":{"0":0.8538319409,"1":0.9094533258,"2":0.8551373715,"3":0.7789002249,"4":0.8680449542,"5":0.8331358451,"6":0.8490118895,"7":0.8767071015,"8":0.853515625,"9":0.9077012695,"10":0.8325132551,"11":0.8760041774,"12":0.8847003535,"13":0.738637733,"14":0.8987626547,"15":0.9201277314,"16":0.8670770405,"17":0.8588327442,"18":0.7639781491,"19":0.827665515,"20":0.8648126205,"21":0.8712443766,"22":0.8431374518,"23":0.835003615,"24":0.7905652418,"25":0.8660628213,"26":0.940874036,"27":0.8500712966,"28":0.867498795,"29":0.8315422626,"30":0.909091822,"31":0.7625672799,"32":0.9020424968,"33":0.8294003053,"34":0.8829342761,"35":0.8638084431,"36":0.8402203165,"37":0.7999979916,"38":0.8947371064,"39":0.8345452354,"40":0.8688142674,"41":0.8687540167,"42":0.9236925611,"43":0.867097124,"44":0.8626767636,"45":0.814628856,"46":0.9159754579,"47":0.8527273458,"48":0.8430872429,"49":0.8661718624},"m50pcfail":{"0":0.924147523,"1":0.915054857,"2":0.9080500192,"3":0.9415649396,"4":0.9083995589,"5":0.9113702679,"6":0.9406204556,"7":0.9240176277,"8":0.9202488688,"9":0.9433042448,"10":0.915020007,"11":0.9197659351,"12":0.9299151879,"13":0.9234218835,"14":0.9380125353,"15":0.9406014466,"16":0.924418402,"17":0.9478581544,"18":0.8881116056,"19":0.9008580808,"20":0.9170254626,"21":0.9423740412,"22":0.8891439271,"23":0.9415525086,"24":0.9243634105,"25":0.9216731773,"26":0.8942066728,"27":0.9098938978,"28":0.9338266372,"29":0.9524633383,"30":0.9168480448,"31":0.9024201699,"32":0.9279129005,"33":0.9342648302,"34":0.921202644,"35":0.9142913265,"36":0.9544907315,"37":0.8974603899,"38":0.9223947715,"39":0.9013920048,"40":0.9252310393,"41":0.9234695332,"42":0.933061187,"43":0.9118579384,"44":0.9286062841,"45":0.9390474561,"46":0.9090479947,"47":0.9253371732,"48":0.9132983815,"49":0.9245582849},"Other_Unlisted":{"0":0.9089857107,"1":0.9036824166,"2":0.8988996764,"3":0.8773462783,"4":0.8885003565,"5":0.8873529871,"6":0.8958289345,"7":0.8934115426,"8":0.8806850054,"9":0.9040261094,"10":0.9009512475,"11":0.9060543656,"12":0.8911057174,"13":0.8788376483,"14":0.8911030662,"15":0.9098056099,"16":0.9174150417,"17":0.9083171521,"18":0.8894390507,"19":0.8564944326,"20":0.8677384769,"21":0.8813778693,"22":0.8909924488,"23":0.9154584682,"24":0.8924291043,"25":0.8655996095,"26":0.902196178,"27":0.9180501618,"28":0.9066693635,"29":0.8843371181,"30":0.8944496393,"31":0.9147441997,"32":0.9022815534,"33":0.8907605178,"34":0.8675086391,"35":0.9042006806,"36":0.880653945,"37":0.8768959008,"38":0.9056014024,"39":0.9035461576,"40":0.892450621,"41":0.8699184762,"42":0.8866262136,"43":0.8991612729,"44":0.9328478964,"45":0.8548367194,"46":0.9125998481,"47":0.8973786408,"48":0.8997033441,"49":0.9043140804},"pdff35":{"0":0.7974641995,"1":0.9317843926,"2":0.8387063556,"3":0.8945132743,"4":0.8834631477,"5":0.8740209171,"6":0.8315687852,"7":0.867687852,"8":0.8556685438,"9":0.8449114902,"10":0.8422397426,"11":0.8598165728,"12":0.8731005632,"13":0.8259501207,"14":0.8896556164,"15":0.8306291231,"16":0.8965341915,"17":0.9102493966,"18":0.8634014481,"19":0.7942066302,"20":0.7918133548,"21":0.9105454545,"22":0.7347514079,"23":0.9051134352,"24":0.8940070808,"25":0.8705132743,"26":0.8407337088,"27":0.8467192277,"28":0.8624038616,"29":0.8803604763,"30":0.8396588898,"31":0.8470603379,"32":0.8308736927,"33":0.8298825422,"34":0.8883488896,"35":0.7917522124,"36":0.9237972647,"37":0.9107578439,"38":0.8139275945,"39":0.836601223,"40":0.8671214803,"41":0.8179629928,"42":0.8488946098,"43":0.8306291231,"44":0.8601802382,"45":0.8688913918,"46":0.7935124698,"47":0.9150635559,"48":0.8528720837,"49":0.8655294496},"Rainbow":{"0":0.9154805357,"1":0.9259769542,"2":0.9040993021,"3":0.9176433921,"4":0.923326107,"5":0.8940965431,"6":0.9287972594,"7":0.9312611047,"8":0.8953185892,"9":0.9291296006,"10":0.9254886328,"11":0.9057664279,"12":0.9054073289,"13":0.9159917935,"14":0.9245147143,"15":0.9100965431,"16":0.9017900965,"17":0.9237123421,"18":0.9125119023,"19":0.944900451,"20":0.9004746185,"21":0.9352127063,"22":0.9238620412,"23":0.9112897684,"24":0.9110762254,"25":0.9124135783,"26":0.8981376518,"27":0.9091375367,"28":0.9441376839,"29":0.9006877476,"30":0.9058336967,"31":0.9390569916,"32":0.9287505767,"33":0.9131671428,"34":0.9094764646,"35":0.9193547182,"36":0.9225038929,"37":0.915419992,"38":0.9228239636,"39":0.8864120007,"40":0.9222123949,"41":0.9054475241,"42":0.9337863573,"43":0.906781616,