{"Artifacts":{"0":0.7545008528,"1":0.7301729838,"2":0.7525765296,"3":0.7339006588,"4":0.7529131698,"5":0.7446698627,"6":0.7409635356,"7":0.738757584,"8":0.7259151688,"9":0.7463152945,"10":0.7488756763,"11":0.7473421841,"12":0.7303298089,"13":0.7439607286,"14":0.7348528307,"15":0.7510071838,"16":0.7236886904,"17":0.7392970295,"18":0.7226806855,"19":0.7258787679},"badsequence":{"0":0.9984474184,"1":0.9982098244,"2":0.9983512277,"3":0.9982748459,"4":0.9983406381,"5":0.9983031037,"6":0.9982212988,"7":0.9981519387,"8":0.998271592,"9":0.9982886038,"10":0.9982904876,"11":0.9983299344,"12":0.998445192,"13":0.9983124659,"14":0.9982721058,"15":0.9983689816,"16":0.9982705074,"17":0.9983047593,"18":0.9982364838,"19":0.9983619599},"Field_artefacts":{"0":0.85062888,"1":0.8467051558,"2":0.8545958735,"3":0.8539549162,"4":0.8540576215,"5":0.8529040884,"6":0.8532916109,"7":0.8546952504,"8":0.853884544,"9":0.8528460789,"10":0.8568629987,"11":0.8446111082,"12":0.8499322906,"13":0.8472415059,"14":0.8445749711,"15":0.8425241928,"16":0.8546077607,"17":0.8569414542,"18":0.8443586242,"19":0.8553338304},"highiron-lowt1":{"0":0.8255384107,"1":0.8690569457,"2":0.8215024175,"3":0.827552525,"4":0.830502263,"5":0.8341841944,"6":0.8336158321,"7":0.8511589698,"8":0.8575204343,"9":0.8467137869,"10":0.8564683429,"11":0.8603987387,"12":0.8404742253,"13":0.8290968864,"14":0.848469343,"15":0.848572611,"16":0.8345887255,"17":0.8440559946,"18":0.8578030625,"19":0.8606076041},"lookuptable-rip":{"0":0.8337965938,"1":0.8402361825,"2":0.8040745501,"3":0.7511937661,"4":0.7864548522,"5":0.7529635283,"6":0.7595830656,"7":0.8023465617,"8":0.7428036632,"9":0.8092312018,"10":0.7934840938,"11":0.8679530848,"12":0.8112267031,"13":0.7736359254,"14":0.7843187661,"15":0.7706683805,"16":0.8473272815,"17":0.7922067802,"18":0.8266468509,"19":0.8168838368},"m50pcfail":{"0":0.9130809952,"1":0.9132461144,"2":0.9144675477,"3":0.9169551199,"4":0.9196219645,"5":0.9142799632,"6":0.9162744242,"7":0.9085326896,"8":0.9115378602,"9":0.9046886682,"10":0.9133508023,"11":0.9133770866,"12":0.912170705,"13":0.9135806213,"14":0.913473687,"15":0.9098495999,"16":0.9129985478,"17":0.9108266117,"18":0.9181913802,"19":0.9198888511},"Other_Unlisted":{"0":0.9020262801,"1":0.9155737623,"2":0.9045890473,"3":0.9038645226,"4":0.9090995175,"5":0.9043690402,"6":0.9101780515,"7":0.9038977517,"8":0.9085986919,"9":0.9012379034,"10":0.9076150672,"11":0.906992836,"12":0.90757706,"13":0.9063682158,"14":0.9024102608,"15":0.9015382684,"16":0.909114286,"17":0.8979679863,"18":0.9041151525,"19":0.9036075943},"pdff35":{"0":0.8389403975,"1":0.8328695478,"2":0.83244676,"3":0.8171889218,"4":0.8282880646,"5":0.8282126354,"6":0.8323324151,"7":0.8406305881,"8":0.8325904117,"9":0.8234221604,"10":0.8168194628,"11":0.8247563445,"12":0.8271595092,"13":0.826869323,"14":0.8460658146,"15":0.8370522652,"16":0.8225948414,"17":0.8293921175,"18":0.8392714212,"19":0.8345361969},"Rainbow":{"0":0.9146390033,"1":0.8998554091,"2":0.9018657484,"3":0.8985426903,"4":0.8952350935,"5":0.8945600129,"6":0.9041264487,"7":0.9000549155,"8":0.9067584061,"9":0.9094717681,"10":0.9020339597,"11":0.9028236028,"12":0.8990024306,"13":0.8971640282,"14":0.8942936317,"15":0.8955415249,"16":0.8965809702,"17":0.8910014962,"18":0.9023910594,"19":0.9008069299},"Segmentation_fail":{"0":0.8820515388,"1":0.886168168,"2":0.8866455095,"3":0.8847562386,"4":0.8854003322,"5":0.8862340933,"6":0.8797462687,"7":0.8875226332,"8":0.880535257,"9":0.882560609,"10":0.8859587583,"11":0.8828306559,"12":0.8819894914,"13":0.8753673484,"14":0.8783713561,"15":0.8906775287,"16":0.8798333465,"17":0.8890145896,"18":0.8851116006,"19":0.8868461057},"Wrong_location":{"0":0.8132144233,"1":0.7901865987,"2":0.801852455,"3":0.8096331327,"4":0.8268412168,"5":0.7816639756,"6":0.8137384867,"7":0.7985704653,"8":0.8475571997,"9":0.8150136692,"10":0.7817866776,"11":0.8016884701,"12":0.8157888701,"13":0.7117066805,"14":0.756026155,"15":0.7555215864,"16":0.8269295163,"17":0.7813669682,"18":0.8332010752,"19":0.8208265293},"zeroct1":{"0":0.8998220262,"1":0.8998852689,"2":0.8945112396,"3":0.9016346631,"4":0.899993548,"5":0.9064053318,"6":0.9024098648,"7":0.892088854,"8":0.8935587668,"9":0.9005898816,"10":0.9079001584,"11":0.8932345683,"12":0.8932981304,"13":0.9004359272,"14":0.8999842852,"15":0.8933045185,"16":0.8925532724,"17":0.8890043369,"18":0.889371336,"19":0.8889069177}}