{"Artifacts":{"0":0.7336830743,"1":0.7494873763,"2":0.7304009686,"3":0.7388235436,"4":0.7474396182,"5":0.7405264506,"6":0.7445376698,"7":0.7473364366,"8":0.7323017545,"9":0.7367834489,"10":0.7261732597,"11":0.7415407504,"12":0.7324213576,"13":0.7359640173,"14":0.7303404829,"15":0.7291272095,"16":0.7271393899,"17":0.7398233378,"18":0.7417129022,"19":0.7365182421},"badsequence":{"0":0.9982908301,"1":0.9982420212,"2":0.9983367277,"3":0.9982873479,"4":0.9982645704,"5":0.9982338578,"6":0.9983507139,"7":0.9983235407,"8":0.9984414243,"9":0.9982387102,"10":0.9982900309,"11":0.9982576058,"12":0.9982269504,"13":0.998296025,"14":0.9982417928,"15":0.9983193163,"16":0.9983108675,"17":0.9983105821,"18":0.9982185586,"19":0.9983440919},"Field_artefacts":{"0":0.8548169753,"1":0.8534846589,"2":0.8571506687,"3":0.8520253872,"4":0.8542273706,"5":0.8544508498,"6":0.8436344565,"7":0.8505209443,"8":0.8597920027,"9":0.8543890364,"10":0.8557460782,"11":0.8481301923,"12":0.8578477336,"13":0.8567460287,"14":0.8455112063,"15":0.839491057,"16":0.8565334857,"17":0.8300759259,"18":0.8462120751,"19":0.8555154667},"highiron-lowt1":{"0":0.8362953651,"1":0.8534541595,"2":0.8363202116,"3":0.8438036479,"4":0.8350080091,"5":0.8232944668,"6":0.823640764,"7":0.833188784,"8":0.8482402899,"9":0.8327407717,"10":0.8472689495,"11":0.8548308074,"12":0.8483963566,"13":0.8740829141,"14":0.8517521785,"15":0.8549620277,"16":0.8397334909,"17":0.8411124682,"18":0.8174043082,"19":0.8482946415},"lookuptable-rip":{"0":0.8144705977,"1":0.7853936375,"2":0.8127779563,"3":0.7629024743,"4":0.8165287596,"5":0.8174285026,"6":0.8016637211,"7":0.8143235861,"8":0.7861134319,"9":0.7667922558,"10":0.821468509,"11":0.7329233612,"12":0.8234768638,"13":0.8044866645,"14":0.7800048201,"15":0.7755535026,"16":0.789941356,"17":0.8211704692,"18":0.8168934769,"19":0.8055149422},"m50pcfail":{"0":0.9133595637,"1":0.9212920279,"2":0.9224887494,"3":0.9136226313,"4":0.920429364,"5":0.9156997642,"6":0.9122095698,"7":0.9100326914,"8":0.9097631089,"9":0.9189255431,"10":0.9103186734,"11":0.9090693833,"12":0.9147667842,"13":0.9161117761,"14":0.9148350784,"15":0.9162566767,"16":0.9129129554,"17":0.9122801106,"18":0.9152729253,"19":0.9154160287},"Other_Unlisted":{"0":0.9051828274,"1":0.9068938002,"2":0.9068199578,"3":0.8970102063,"4":0.9122578022,"5":0.9031208857,"6":0.9086486442,"7":0.9005116413,"8":0.9024476164,"9":0.9002497178,"10":0.9094113932,"11":0.9004603859,"12":0.9072243538,"13":0.9063590941,"14":0.9048894123,"15":0.9003696031,"16":0.9068362466,"17":0.9072078478,"18":0.8976493778,"19":0.9126800072},"pdff35":{"0":0.827197464,"1":0.8136110793,"2":0.8342753175,"3":0.8511311017,"4":0.8312701605,"5":0.8192822023,"6":0.8590660616,"7":0.8393516548,"8":0.8463204482,"9":0.856308812,"10":0.8295814112,"11":0.8102158044,"12":0.8512473684,"13":0.8265834607,"14":0.8388015501,"15":0.8167915973,"16":0.8509739976,"17":0.8191625725,"18":0.8082498407,"19":0.8403951721},"Rainbow":{"0":0.8985162384,"1":0.9020239005,"2":0.8992075254,"3":0.902748718,"4":0.9014220282,"5":0.9000998091,"6":0.9017085276,"7":0.8972331383,"8":0.902236074,"9":0.902550143,"10":0.9013219956,"11":0.9074482028,"12":0.8969775614,"13":0.8978810219,"14":0.8990730309,"15":0.9008957857,"16":0.9034020038,"17":0.9019747225,"18":0.9001059564,"19":0.8940348881},"Segmentation_fail":{"0":0.8887970714,"1":0.8792548256,"2":0.8903242819,"3":0.8850544888,"4":0.8781957904,"5":0.8906461525,"6":0.8901025332,"7":0.8913293783,"8":0.8747645022,"9":0.8875057112,"10":0.8862964932,"11":0.8903574209,"12":0.8914897848,"13":0.8918529027,"14":0.8873445996,"15":0.8790759107,"16":0.8814532755,"17":0.8885774379,"18":0.8857669756,"19":0.8853619052},"Wrong_location":{"0":0.8095838226,"1":0.8122500092,"2":0.7871878555,"3":0.7918184195,"4":0.8186110143,"5":0.7713673351,"6":0.8502314135,"7":0.8009430847,"8":0.755392004,"9":0.8313146765,"10":0.8294466258,"11":0.8291209497,"12":0.7776583887,"13":0.7358307952,"14":0.7736757367,"15":0.776410728,"16":0.8360346868,"17":0.7753132913,"18":0.7627128362,"19":0.7721528568},"zeroct1":{"0":0.892859584,"1":0.8959492117,"2":0.8979978906,"3":0.9000373068,"4":0.8919150964,"5":0.9002458798,"6":0.910348416,"7":0.8958386967,"8":0.8927806904,"9":0.8852356492,"10":0.8899520186,"11":0.8998431071,"12":0.8961612982,"13":0.890062853,"14":0.8951998819,"15":0.8925283586,"16":0.892752902,"17":0.8997421744,"18":0.9023705777,"19":0.8932824794}}