{"Artifacts":{"0":0.7508462534,"1":0.758879092,"2":0.740438322,"3":0.7314056893,"4":0.7332208097,"5":0.7358104765,"6":0.7524232624,"7":0.7436522785,"8":0.7308892339,"9":0.7357305586,"10":0.7293716158,"11":0.728387422,"12":0.7320346318,"13":0.7351774286,"14":0.7384332598,"15":0.7457301426,"16":0.7438140301,"17":0.7350920369,"18":0.7469185101,"19":0.7340385992},"badsequence":{"0":0.9983921587,"1":0.9983601902,"2":0.9982542377,"3":0.998247159,"4":0.998223411,"5":0.998300649,"6":0.9982082831,"7":0.9982502987,"8":0.9982501846,"9":0.9982759306,"10":0.9983526548,"11":0.9982596038,"12":0.9982835802,"13":0.9983004778,"14":0.9983476883,"15":0.9983172612,"16":0.9983503714,"17":0.9983207435,"18":0.9983451194,"19":0.9982068559},"Field_artefacts":{"0":0.8355953866,"1":0.8611870835,"2":0.8583617358,"3":0.8356724156,"4":0.8446111082,"5":0.8597853459,"6":0.8483774459,"7":0.8539777396,"8":0.8546605398,"9":0.8560893803,"10":0.8470517863,"11":0.847409353,"12":0.849087349,"13":0.8426145355,"14":0.8598262378,"15":0.8531104501,"16":0.8557051862,"17":0.8391044856,"18":0.847990399,"19":0.8474887595},"highiron-lowt1":{"0":0.8638617109,"1":0.8628267015,"2":0.8446243568,"3":0.8286985669,"4":0.8012230659,"5":0.837489547,"6":0.8392963489,"7":0.8497295232,"8":0.8430326319,"9":0.8438595524,"10":0.8148078555,"11":0.8527980583,"12":0.8550567547,"13":0.8518531172,"14":0.8495128934,"15":0.8354995027,"16":0.8600594296,"17":0.8186054782,"18":0.8460615679,"19":0.8252503473},"lookuptable-rip":{"0":0.8000506105,"1":0.8178960476,"2":0.7915199229,"3":0.8174228792,"4":0.8041741645,"5":0.7560170308,"6":0.7624758997,"7":0.8077811697,"8":0.7711407455,"9":0.8123264781,"10":0.7969882712,"11":0.7995846722,"12":0.80874759,"13":0.8147855077,"14":0.8206973008,"15":0.7757101542,"16":0.824499518,"17":0.8149566195,"18":0.812027635,"19":0.8202546594},"m50pcfail":{"0":0.9159345256,"1":0.9140485716,"2":0.9145315735,"3":0.911986715,"4":0.9145715616,"5":0.9139993728,"6":0.9110858602,"7":0.9198771692,"8":0.9085949182,"9":0.9152295674,"10":0.915113647,"11":0.9150094084,"12":0.9106751963,"13":0.9137158619,"14":0.9097709717,"15":0.9148272156,"16":0.9121614943,"17":0.9173383763,"18":0.9137985338,"19":0.9169205235},"Other_Unlisted":{"0":0.9058534905,"1":0.9101150682,"2":0.9031491196,"3":0.9022373826,"4":0.9042272193,"5":0.8996025105,"6":0.902761664,"7":0.906699638,"8":0.9076135469,"9":0.9053561399,"10":0.9049951807,"11":0.9075835755,"12":0.9089374985,"13":0.9074458811,"14":0.9058252566,"15":0.9034384082,"16":0.9047358634,"17":0.9068581821,"18":0.9018182181,"19":0.9012379034},"pdff35":{"0":0.8419143259,"1":0.8213480976,"2":0.845697797,"3":0.8494082411,"4":0.8254501009,"5":0.828877085,"6":0.8263245032,"7":0.8310256161,"8":0.8534266477,"9":0.8178581758,"10":0.8322776448,"11":0.8380554256,"12":0.8177904337,"13":0.8384051865,"14":0.8122418231,"15":0.7998157029,"16":0.8407872118,"17":0.8373352448,"18":0.8458510576,"19":0.8314575324},"Rainbow":{"0":0.8999207935,"1":0.9021012069,"2":0.8989899498,"3":0.9027978961,"4":0.9035715191,"5":0.9006148747,"6":0.8977448508,"7":0.8943014555,"8":0.904663868,"9":0.8993917569,"10":0.9009714156,"11":0.890247619,"12":0.9007974296,"13":0.9058132188,"14":0.8981135,"15":0.9019875758,"16":0.9021475908,"17":0.894151686,"18":0.9033355016,"19":0.8937577027},"Segmentation_fail":{"0":0.8862034222,"1":0.8784831118,"2":0.8830508182,"3":0.871836996,"4":0.8877105379,"5":0.8830464114,"6":0.891627276,"7":0.8801562747,"8":0.878269119,"9":0.8869497529,"10":0.8877285175,"11":0.877879913,"12":0.8861738087,"13":0.8853700137,"14":0.8831497061,"15":0.8851091328,"16":0.8782796953,"17":0.888146632,"18":0.8763590482,"19":0.8847058251},"Wrong_location":{"0":0.7661943598,"1":0.8136639481,"2":0.8561532146,"3":0.8371837272,"4":0.8288526109,"5":0.8380483744,"6":0.8594466717,"7":0.8338237588,"8":0.8245454295,"9":0.7107514403,"10":0.7794163517,"11":0.7820848317,"12":0.7891040696,"13":0.8235936296,"14":0.7801571502,"15":0.9101030696,"16":0.8083384555,"17":0.8093900224,"18":0.7807626326,"19":0.8286221148},"zeroct1":{"0":0.8978330764,"1":0.8936034838,"2":0.8973823926,"3":0.9008853334,"4":0.8898149929,"5":0.8931633405,"6":0.8897060749,"7":0.8984405893,"8":0.8951765652,"9":0.8993435539,"10":0.8960619625,"11":0.8984527267,"12":0.9116669296,"13":0.9041522321,"14":0.901705891,"15":0.8946865943,"16":0.8967889337,"17":0.9003809891,"18":0.8832559622,"19":0.9021562554}}