{"Artifacts":{"0":0.6129293942,"1":0.611832987,"2":0.6036797243,"3":0.5896820583,"4":0.6322640398,"5":0.6235102985,"6":0.6264114258,"7":0.6138440704,"8":0.6242470753,"9":0.6090145144,"10":0.6045122931,"11":0.6030557082,"12":0.6266336631,"13":0.6148424962,"14":0.5853155879,"15":0.6288215511,"16":0.6032281337,"17":0.6209299372,"18":0.5917139423,"19":0.6161994574},"badsequence":{"0":0.9996587084,"1":0.9996659298,"2":0.99963967,"3":0.9996521434,"4":0.9997149956,"5":0.9996933884,"6":0.9996470056,"7":0.99969179,"8":0.9996456926,"9":0.9996186336,"10":0.9996334476,"11":0.9996982978,"12":0.9996988402,"13":0.9996648166,"14":0.9997236157,"15":0.999647919,"16":0.9996540843,"17":0.999668042,"18":0.9996434377,"19":0.9996836552},"Field_artefacts":{"0":0.8170599267,"1":0.8068483537,"2":0.8137010818,"3":0.8016645872,"4":0.8172101808,"5":0.8054523219,"6":0.8016698176,"7":0.8098310878,"8":0.8032265642,"9":0.8087436475,"10":0.8068645203,"11":0.8057818348,"12":0.8079334165,"13":0.8033335489,"14":0.8036373855,"15":0.8045950177,"16":0.807163602,"17":0.7981535863,"18":0.8078449758,"19":0.8057856388},"highiron-lowt1":{"0":0.5446867058,"1":0.5343373882,"2":0.5336789576,"3":0.5396560787,"4":0.547641879,"5":0.5499828793,"6":0.5169099418,"7":0.5488647896,"8":0.5537556555,"9":0.5516910718,"10":0.5396079387,"11":0.5545709292,"12":0.5466410334,"13":0.4941855454,"14":0.5369912983,"15":0.5407035113,"16":0.5546943849,"17":0.548340685,"18":0.5234080616,"19":0.515141186},"lookuptable-rip":{"0":0.7451727185,"1":0.7172035668,"2":0.7284648136,"3":0.7007583548,"4":0.7038367609,"5":0.7212082262,"6":0.6876124679,"7":0.6769191838,"8":0.7490207262,"9":0.7259905206,"10":0.6856675771,"11":0.7059583869,"12":0.7093195694,"13":0.7149606362,"14":0.7025385604,"15":0.7250072301,"16":0.7092030848,"17":0.7130302057,"18":0.6998521851,"19":0.7159857005},"m50pcfail":{"0":0.7118792414,"1":0.7212804808,"2":0.7076229835,"3":0.7090526692,"4":0.7112928996,"5":0.7084438621,"6":0.7296622491,"7":0.7147493961,"8":0.7236236018,"9":0.7165263939,"10":0.7199020158,"11":0.722527749,"12":0.7141059926,"13":0.7075767052,"14":0.7083978085,"15":0.7074365223,"16":0.707795067,"17":0.7168148472,"18":0.7130177781,"19":0.7102873569},"Other_Unlisted":{"0":0.6501605639,"1":0.6319736044,"2":0.6486997866,"3":0.6530312975,"4":0.6678080392,"5":0.6661322501,"6":0.6651410239,"7":0.6622116507,"8":0.6604885155,"9":0.649565915,"10":0.6832041887,"11":0.6467464368,"12":0.6472850522,"13":0.6675087601,"14":0.6517099521,"15":0.6351618605,"16":0.6589612801,"17":0.664089855,"18":0.6790859522,"19":0.6547427047},"pdff35":{"0":0.7067168503,"1":0.7494117003,"2":0.7464704418,"3":0.7439673454,"4":0.7428719404,"5":0.7507242645,"6":0.7456882843,"7":0.7530755416,"8":0.7350263426,"9":0.7363302588,"10":0.7348841321,"11":0.7279725111,"12":0.7307388891,"13":0.7583430943,"14":0.7281051128,"15":0.7457517024,"16":0.7243855403,"17":0.7278216527,"18":0.7453221884,"19":0.7327240704},"Rainbow":{"0":0.8851286304,"1":0.8852329475,"2":0.8858070641,"3":0.8814149421,"4":0.875044521,"5":0.8779098879,"6":0.882442838,"7":0.8718065931,"8":0.8840523016,"9":0.878987707,"10":0.8798561467,"11":0.8758906071,"12":0.8676406157,"13":0.8779110056,"14":0.8848704456,"15":0.8762519913,"16":0.88894142,"17":0.8797391626,"18":0.8810855981,"19":0.8790998478},"Segmentation_fail":{"0":0.8571938246,"1":0.8595745386,"2":0.8495694056,"3":0.8504588683,"4":0.8467458992,"5":0.8509383249,"6":0.8552449742,"7":0.8454950813,"8":0.8450332517,"9":0.8543664403,"10":0.8580688331,"11":0.8400899122,"12":0.8524916236,"13":0.8626081598,"14":0.849200647,"15":0.8587531165,"16":0.8466034724,"17":0.8491015828,"18":0.8519423637,"19":0.8448865944},"Wrong_location":{"0":0.8666608565,"1":0.8483645096,"2":0.8683947378,"3":0.8491500312,"4":0.8671883601,"5":0.8488495835,"6":0.8484608363,"7":0.869540338,"8":0.8632722194,"9":0.8661723423,"10":0.8646425819,"11":0.8635371179,"12":0.8494619464,"13":0.8492968148,"14":0.865924645,"15":0.8458646013,"16":0.8479746156,"17":0.8496935892,"18":0.8961448662,"19":0.8677387986},"zeroct1":{"0":0.7359104612,"1":0.7215125345,"2":0.7372813577,"3":0.7171085455,"4":0.7140812023,"5":0.7442476327,"6":0.7319373527,"7":0.7062509303,"8":0.7168983754,"9":0.7171366533,"10":0.7245012294,"11":0.7315342606,"12":0.7093229905,"13":0.7339186367,"14":0.7078246505,"15":0.7014888856,"16":0.7181434254,"17":0.7301748628,"18":0.7222462133,"19":0.7382453291}}