{"Artifacts":{"0":0.5918606408,"1":0.58174118,"2":0.5998693945,"3":0.6053125664,"4":0.6248831338,"5":0.5988085672,"6":0.6098082191,"7":0.5852493546,"8":0.6030786983,"9":0.6067461612,"10":0.6262554218,"11":0.6277443023,"12":0.6157922048,"13":0.6239843317,"14":0.6027020991,"15":0.6144790342,"16":0.616725492,"17":0.6182182042,"18":0.6017113367,"19":0.6117021626},"badsequence":{"0":0.9996859101,"1":0.9996379574,"2":0.9996418678,"3":0.9996957004,"4":0.9996166071,"5":0.9996942732,"6":0.999716223,"7":0.9996710961,"8":0.9996771473,"9":0.999706661,"10":0.9997171649,"11":0.9997625772,"12":0.9996641601,"13":0.9996329909,"14":0.9996752634,"15":0.9997328352,"16":0.9996299938,"17":0.9997264986,"18":0.9996539131,"19":0.999677975},"Field_artefacts":{"0":0.8032165789,"1":0.7990194493,"2":0.8106498775,"3":0.8054047731,"4":0.8035066264,"5":0.7999628169,"6":0.8054052486,"7":0.8069558139,"8":0.7996822791,"9":0.8060585687,"10":0.7977075789,"11":0.7921862162,"12":0.8031680792,"13":0.8057128891,"14":0.8056192181,"15":0.8029003796,"16":0.7975573248,"17":0.8034338768,"18":0.7983195315,"19":0.8065283505},"highiron-lowt1":{"0":0.5460819886,"1":0.5598942784,"2":0.524570409,"3":0.5228761925,"4":0.5092098755,"5":0.5323861664,"6":0.5293649949,"7":0.5811465233,"8":0.5966996167,"9":0.5327153817,"10":0.5531508,"11":0.5026861328,"12":0.5272522713,"13":0.5346262281,"14":0.5269541141,"15":0.5232046314,"16":0.5563148385,"17":0.5393532628,"18":0.5428084705,"19":0.5637144182},"lookuptable-rip":{"0":0.769217545,"1":0.7568693766,"2":0.7194898779,"3":0.742589171,"4":0.7545131748,"5":0.7345196015,"6":0.7337845437,"7":0.7453872108,"8":0.735345437,"9":0.7415833869,"10":0.7341356041,"11":0.7325755141,"12":0.7164572622,"13":0.7247855077,"14":0.7452217224,"15":0.7110258676,"16":0.7274397494,"17":0.772565874,"18":0.6998545951,"19":0.7193926735},"m50pcfail":{"0":0.7209888824,"1":0.716618052,"2":0.723758393,"3":0.7241358085,"4":0.7068268166,"5":0.7204169183,"6":0.7053450116,"7":0.7082762717,"8":0.7179897774,"9":0.7126996707,"10":0.7173629982,"11":0.7181358013,"12":0.721887266,"13":0.7206829063,"14":0.7149524816,"15":0.7297399787,"16":0.7159885769,"17":0.7178850896,"18":0.7352556361,"19":0.7171711453},"Other_Unlisted":{"0":0.6597670314,"1":0.6776251749,"2":0.6605962386,"3":0.6665653143,"4":0.6582250275,"5":0.6459554539,"6":0.6390307701,"7":0.6649729237,"8":0.6363290054,"9":0.6453551583,"10":0.6580543211,"11":0.6565309949,"12":0.6573840923,"13":0.6591489267,"14":0.6487462639,"15":0.6360583946,"16":0.6402726263,"17":0.648218942,"18":0.6484504598,"19":0.6516169975},"pdff35":{"0":0.745795903,"1":0.7261415513,"2":0.7288891921,"3":0.7243442224,"4":0.7451482688,"5":0.7340078081,"6":0.7503562468,"7":0.7236197177,"8":0.7281512351,"9":0.7384028803,"10":0.7387257365,"11":0.7381251856,"12":0.7370845509,"13":0.7341154269,"14":0.7259556207,"15":0.7428940407,"16":0.7294330511,"17":0.7487352397,"18":0.7437521079,"19":0.7465434688},"Rainbow":{"0":0.8838332357,"1":0.877718019,"2":0.8804067919,"3":0.8792634021,"4":0.8928708212,"5":0.879781262,"6":0.8703152313,"7":0.8661593131,"8":0.8870525356,"9":0.8858763604,"10":0.8856487256,"11":0.8760217486,"12":0.8849799786,"13":0.8821270925,"14":0.8862660592,"15":0.8782086819,"16":0.8798740297,"17":0.8931502419,"18":0.8868040374,"19":0.8799325217},"Segmentation_fail":{"0":0.8520756244,"1":0.8538806378,"2":0.8440334435,"3":0.8403945082,"4":0.8484832247,"5":0.839017833,"6":0.8571860687,"7":0.8538753497,"8":0.8530186734,"9":0.8557099766,"10":0.8495905581,"11":0.8529062126,"12":0.8520798549,"13":0.8513976868,"14":0.855155076,"15":0.8446179576,"16":0.8642686311,"17":0.8510585417,"18":0.8458204773,"19":0.8585740253},"Wrong_location":{"0":0.8658799218,"1":0.8473335841,"2":0.8479126913,"3":0.8644694231,"4":0.8658306117,"5":0.8305796118,"6":0.8489619647,"7":0.8461111519,"8":0.8496029962,"9":0.8492612656,"10":0.8498633078,"11":0.8498954167,"12":0.8476948094,"13":0.8671057943,"14":0.8473289971,"15":0.8489126546,"16":0.8498724817,"17":0.8696229037,"18":0.8667503027,"19":0.848838116},"zeroct1":{"0":0.7286535254,"1":0.7177441662,"2":0.7302288426,"3":0.7269216986,"4":0.7296414524,"5":0.7222685718,"6":0.721769338,"7":0.7371472066,"8":0.7200483711,"9":0.7340687582,"10":0.7328888673,"11":0.7110886745,"12":0.7234848751,"13":0.7284120534,"14":0.7084676175,"15":0.7245507375,"16":0.7229061089,"17":0.7281054223,"18":0.7197791106,"19":0.729015414}}