{"Artifacts":{"0":0.6074386001,"1":0.6128949091,"2":0.607014926,"3":0.5973147603,"4":0.6397806967,"5":0.6209266529,"6":0.6335815896,"7":0.6215227525,"8":0.5884542793,"9":0.6041636104,"10":0.5988463366,"11":0.6306032812,"12":0.6134302492,"13":0.6030168441,"14":0.6060553645,"15":0.6075431502,"16":0.6201455381,"17":0.6231271307,"18":0.6018826675,"19":0.5968899914},"badsequence":{"0":0.9997448519,"1":0.9996966709,"2":0.9996351602,"3":0.9996439515,"4":0.9996641316,"5":0.999656482,"6":0.9996889071,"7":0.9996616768,"8":0.9997188204,"9":0.9996803156,"10":0.9996617625,"11":0.9996999819,"12":0.9996838835,"13":0.9996466916,"14":0.9996488609,"15":0.9996586227,"16":0.9996718953,"17":0.9997142535,"18":0.9997489907,"19":0.9996626188},"Field_artefacts":{"0":0.8042854752,"1":0.8126759304,"2":0.8023882794,"3":0.8109622729,"4":0.777722357,"5":0.7983608989,"6":0.8100940324,"7":0.8000973799,"8":0.8001149729,"9":0.8036654393,"10":0.8117558618,"11":0.8041200055,"12":0.8011619967,"13":0.7913507844,"14":0.7991701789,"15":0.7950938232,"16":0.8110440568,"17":0.7971213026,"18":0.7999628169,"19":0.8160404811},"highiron-lowt1":{"0":0.5022202621,"1":0.5100639718,"2":0.5164378594,"3":0.587900872,"4":0.5224033338,"5":0.5238483094,"6":0.5436338381,"7":0.5432984111,"8":0.5304846375,"9":0.5355626282,"10":0.5649637281,"11":0.5217868315,"12":0.4842772521,"13":0.5453793003,"14":0.540931788,"15":0.54365092,"16":0.5612095867,"17":0.5422144853,"18":0.5525374036,"19":0.5726257482},"lookuptable-rip":{"0":0.7154153278,"1":0.7618517031,"2":0.7190866003,"3":0.7348248715,"4":0.7259752571,"5":0.7284720437,"6":0.7606852506,"7":0.7402377892,"8":0.7459085797,"9":0.7151534383,"10":0.7637162596,"11":0.7573312982,"12":0.7371650064,"13":0.7401478149,"14":0.7311696658,"15":0.7277401992,"16":0.7611527956,"17":0.7390351864,"18":0.715347847,"19":0.7386479756},"m50pcfail":{"0":0.7273654065,"1":0.7015519863,"2":0.6997105134,"3":0.7157423582,"4":0.7154705292,"5":0.7167793521,"6":0.7153932489,"7":0.7027480338,"8":0.7217895424,"9":0.7182530696,"10":0.7123330386,"11":0.7105084146,"12":0.7151987003,"13":0.7114789115,"14":0.7211969102,"15":0.7137339688,"16":0.7235422777,"17":0.7277823607,"18":0.712367635,"19":0.7212315066},"Other_Unlisted":{"0":0.657596498,"1":0.6449629246,"2":0.6464905944,"3":0.6488648462,"4":0.662092634,"5":0.6567568659,"6":0.6825504659,"7":0.6667386269,"8":0.6432350114,"9":0.6494768697,"10":0.6605931981,"11":0.6602735037,"12":0.641666511,"13":0.6628497363,"14":0.6837019736,"15":0.6649668426,"16":0.6619688394,"17":0.6516526156,"18":0.6452131202,"19":0.6523458658},"pdff35":{"0":0.7370787856,"1":0.7344219481,"2":0.7582489279,"3":0.7334437707,"4":0.7369673233,"5":0.7211617827,"6":0.7457276804,"7":0.7504110171,"8":0.7074259809,"9":0.7316603745,"10":0.7438664528,"11":0.7417371393,"12":0.7474399713,"13":0.7190910829,"14":0.7385277949,"15":0.7463378402,"16":0.7381309509,"17":0.735801774,"18":0.7482874689,"19":0.7373007492},"Rainbow":{"0":0.8779314965,"1":0.8770455463,"2":0.8879198577,"3":0.8742461228,"4":0.8801638821,"5":0.8877853631,"6":0.8910013099,"7":0.8883117919,"8":0.8805673657,"9":0.8831697045,"10":0.8605958592,"11":0.8885118571,"12":0.8722801182,"13":0.8815322988,"14":0.8700365557,"15":0.8849401145,"16":0.8804362243,"17":0.882934246,"18":0.8792648924,"19":0.8936211591},"Segmentation_fail":{"0":0.8642725091,"1":0.8493726873,"2":0.8505297291,"3":0.8527955145,"4":0.8546840803,"5":0.8496748156,"6":0.8400345632,"7":0.8463573983,"8":0.8527006808,"9":0.846227663,"10":0.8510155316,"11":0.8573454175,"12":0.8514040325,"13":0.8545941822,"14":0.8472690711,"15":0.8605274588,"16":0.8503277227,"17":0.8490462337,"18":0.8444811715,"19":0.8589639364},"Wrong_location":{"0":0.8497314319,"1":0.8319430938,"2":0.8675449983,"3":0.8493220432,"4":0.867315649,"5":0.8677365051,"6":0.8831029137,"7":0.8116020972,"8":0.8485938589,"9":0.8500055044,"10":0.8487670177,"11":0.8829010862,"12":0.901710029,"13":0.8669980001,"14":0.8484298741,"15":0.8684555154,"16":0.8474046824,"17":0.8665106326,"18":0.8471535448,"19":0.8673053282},"zeroct1":{"0":0.7176406782,"1":0.724881963,"2":0.7196152546,"3":0.7340055155,"4":0.7210621701,"5":0.7310548301,"6":0.7309178043,"7":0.7368511159,"8":0.7160787761,"9":0.7181852678,"10":0.7150336751,"11":0.7228780011,"12":0.7388560361,"13":0.7052875976,"14":0.7230396212,"15":0.7226285439,"16":0.7142645421,"17":0.7231181954,"18":0.7295989713,"19":0.7207941873}}