{"Artifacts":{"0":0.7122109756,"1":0.7873222333,"2":0.7758519399,"3":0.7564580463,"4":0.7093352242,"5":0.7775090901,"6":0.7369473965,"7":0.7188898928,"8":0.8076002075,"9":0.7185742669,"10":0.7350451348,"11":0.756763207,"12":0.7428290692,"13":0.741647227,"14":0.7989314724,"15":0.7529727226,"16":0.7417802642,"17":0.7598317936,"18":0.8007359029,"19":0.7183180168,"20":0.7977214977,"21":0.7743679016,"22":0.731192733,"23":0.6747838156,"24":0.762733521,"25":0.7508212716,"26":0.7181844983,"27":0.7449694404,"28":0.7770921871,"29":0.7648712782,"30":0.8031159186,"31":0.766362258,"32":0.7199446183,"33":0.7663834597,"34":0.7517182794,"35":0.7483644761,"36":0.7449705886,"37":0.7831972268,"38":0.7093046027,"39":0.7812677708,"40":0.7572545661,"41":0.7563631003,"42":0.7282930969,"43":0.7587976817,"44":0.7383862566,"45":0.7602588761,"46":0.7433982395,"47":0.7232359115,"48":0.7350302847,"49":0.7846516755},"badsequence":{"0":0.9992362373,"1":0.9983299635,"2":0.9986755661,"3":0.9981659281,"4":0.9984259435,"5":0.9984061662,"6":0.9987231277,"7":0.9991251446,"8":0.9982799718,"9":0.9986318753,"10":0.998475252,"11":0.9991334766,"12":0.999107092,"13":0.9987220862,"14":0.9976128259,"15":0.9987134071,"16":0.9985984955,"17":0.9988876838,"18":0.9978908,"19":0.9987327541,"20":0.9984238716,"21":0.9989105967,"22":0.9985832203,"23":0.9990314101,"24":0.9978067567,"25":0.999022731,"26":0.9987668705,"27":0.9987550669,"28":0.9980242849,"29":0.9984708172,"30":0.9980836501,"31":0.998202554,"32":0.9988251942,"33":0.9988970573,"34":0.9990360861,"35":0.9988967101,"36":0.9986519589,"37":0.9986516117,"38":0.9987338898,"39":0.9982017492,"40":0.9988980988,"41":0.9980142171,"42":0.9986158538,"43":0.9987043808,"44":0.9988471993,"45":0.9988026285,"46":0.9974304594,"47":0.9986512646,"48":0.9990807075,"49":0.9989908646},"Field_artefacts":{"0":0.8352818402,"1":0.8476578232,"2":0.8749996325,"3":0.8756814822,"4":0.8306627073,"5":0.8313221136,"6":0.8327213934,"7":0.8501036231,"8":0.8594587415,"9":0.8592408562,"10":0.8704754906,"11":0.8759756008,"12":0.8674829132,"13":0.8600997967,"14":0.8298394684,"15":0.8321422797,"16":0.8444330124,"17":0.8262453149,"18":0.8545035576,"19":0.874808891,"20":0.8435187771,"21":0.8776276916,"22":0.8373748806,"23":0.8605733691,"24":0.8472950723,"25":0.8629940472,"26":0.8644873962,"27":0.8584993018,"28":0.848823577,"29":0.855953781,"30":0.8296053502,"31":0.8931520541,"32":0.8797912839,"33":0.8362305951,"34":0.843199459,"35":0.8639641361,"36":0.8207922393,"37":0.8688322187,"38":0.8938331639,"39":0.8461513583,"40":0.8392709635,"41":0.8729595061,"42":0.8810700375,"43":0.8067651543,"44":0.833538163,"45":0.8292437716,"46":0.8776306313,"47":0.8519438524,"48":0.8304091203,"49":0.8481388922},"highiron-lowt1":{"0":0.828033188,"1":0.8885904436,"2":0.7982593025,"3":0.8750251691,"4":0.79876642,"5":0.8385434255,"6":0.8296541441,"7":0.7946953528,"8":0.7998902626,"9":0.8245500083,"10":0.882995028,"11":0.795208828,"12":0.7929284794,"13":0.7968045264,"14":0.8449763053,"15":0.7816125395,"16":0.8645566529,"17":0.7768151981,"18":0.8172317977,"19":0.8893623213,"20":0.8206193922,"21":0.7928085661,"22":0.7909451514,"23":0.8275561775,"24":0.8467638011,"25":0.8670348454,"26":0.7860286057,"27":0.8090367268,"28":0.8450990657,"29":0.8158463585,"30":0.8502901615,"31":0.8435621548,"32":0.8489247745,"33":0.7691839159,"34":0.8253606169,"35":0.863356522,"36":0.7465697557,"37":0.821419942,"38":0.8266651901,"39":0.8307023196,"40":0.8038487315,"41":0.8521345186,"42":0.8386356314,"43":0.8404327078,"44":0.7790987695,"45":0.861792715,"46":0.7897329059,"47":0.832700749,"48":0.8326856476,"49":0.8259581809},"lookuptable-rip":{"0":0.8627992449,"1":0.8740460315,"2":0.8917095116,"3":0.7838156732,"4":0.8635204082,"5":0.8556193766,"6":0.8160748715,"7":0.8459290649,"8":0.8768527073,"9":0.8734131448,"10":0.8620862789,"11":0.8191476542,"12":0.9028458387,"13":0.6695955174,"14":0.8137855536,"15":0.8367207584,"16":0.8647975578,"17":0.8413600578,"18":0.7570292416,"19":0.796465732,"20":0.8858651992,"21":0.9174767031,"22":0.8032314428,"23":0.8232246144,"24":0.6869827655,"25":0.8245250241,"26":0.9128574871,"27":0.8408579692,"28":0.7976833628,"29":0.7968624458,"30":0.8519491083,"31":0.6857979193,"32":0.8975437821,"33":0.8279542898,"34":0.8664631207,"35":0.8247308805,"36":0.8459893156,"37":0.7762441758,"38":0.888937982,"39":0.8991041298,"40":0.8239375803,"41":0.7884700353,"42":0.9110399261,"43":0.8426152796,"44":0.8813524426,"45":0.7574811215,"46":0.9460355077,"47":0.8675188785,"48":0.7865520566,"49":0.8344448015},"m50pcfail":{"0":0.933474634,"1":0.9273362924,"2":0.9119357874,"3":0.9326270449,"4":0.9219552074,"5":0.9217286204,"6":0.9464641568,"7":0.9116839174,"8":0.925758913,"9":0.9255469156,"10":0.9057372505,"11":0.9246322539,"12":0.9368851758,"13":0.9068715504,"14":0.9367466444,"15":0.9422631551,"16":0.9286083152,"17":0.9555663274,"18":0.8767527721,"19":0.9144929465,"20":0.9013873444,"21":0.9464815818,"22":0.8878053726,"23":0.9449617125,"24":0.9166840945,"25":0.9291991801,"26":0.9032834979,"27":0.9161985686,"28":0.9364697802,"29":0.9458819727,"30":0.9342730144,"31":0.9189580502,"32":0.9257157702,"33":0.9366329372,"34":0.9166112146,"35":0.9077965651,"36":0.9602378033,"37":0.8869784786,"38":0.9142136144,"39":0.9178771056,"40":0.9389587472,"41":0.9250916395,"42":0.9357414641,"43":0.9248794192,"44":0.9332103882,"45":0.9352963354,"46":0.9202094798,"47":0.9256745839,"48":0.9184852195,"49":0.9189386162},"Other_Unlisted":{"0":0.9017546939,"1":0.8979924811,"2":0.9091909385,"3":0.8741316073,"4":0.8923865943,"5":0.8911864955,"6":0.8983215376,"7":0.8875728155,"8":0.8879153182,"9":0.9035626131,"10":0.9006276753,"11":0.9045736113,"12":0.8929584682,"13":0.8784223301,"14":0.909459163,"15":0.9142204514,"16":0.922282336,"17":0.9180771305,"18":0.8848004315,"19":0.8552739839,"20":0.8902706216,"21":0.8698992813,"22":0.8895199569,"23":0.9279180151,"24":0.8973616368,"25":0.8847890885,"26":0.8861327359,"27":0.9126537217,"28":0.9114401294,"29":0.8814244967,"30":0.8876436537,"31":0.9194168022,"32":0.8962513484,"33":0.9045253506,"34":0.8727798804,"35":0.9061119505,"36":0.8907450114,"37":0.8868716289,"38":0.9032470334,"39":0.9023174812,"40":0.8953243812,"41":0.8996240529,"42":0.8825269687,"43":0.8865938511,"44":0.9299873841,"45":0.8723288152,"46":0.9246597693,"47":0.9062621359,"48":0.9066423948,"49":0.9119192584},"pdff35":{"0":0.7711407884,"1":0.9315076428,"2":0.7957586484,"3":0.8564891392,"4":0.8425490827,"5":0.8710667739,"6":0.8403218021,"7":0.860769107,"8":0.8078197908,"9":0.850537496,"10":0.8215543041,"11":0.7963893805,"12":0.849699115,"13":0.8073499598,"14":0.8883360154,"15":0.8159356396,"16":0.879993564,"17":0.8762284795,"18":0.8545261464,"19":0.8028065658,"20":0.7467160097,"21":0.9051391794,"22":0.7609460981,"23":0.8957940467,"24":0.9088509817,"25":0.8649654063,"26":0.8041319389,"27":0.8657827836,"28":0.8795237329,"29":0.847383328,"30":0.8218954143,"31":0.791539823,"32":0.8262139984,"33":0.8195269509,"34":0.8726424203,"35":0.8006017699,"36":0.921692679,"37":0.8352566372,"38":0.8008173773,"39":0.8148696492,"40":0.839388576,"41":0.8356427997,"42":0.849538214,"43":0.8246757844,"44":0.8761699388,"45":0.8576669348,"46":0.7689332261,"47":0.9079452936,"48":0.8340788415,"49":0.890453814},"Rainbow":{"0":0.9003998754,"1":0.9321432576,"2":0.9061509164,"3":0.9134125512,"4":0.9294186539,"5":0.9074182498,"6":0.929315478,"7":0.9229491219,"8":0.9119818201,"9":0.908958162,"10":0.9252046092,"11":0.9154780442,"12":0.908386587,"13":0.9146273228,"14":0.9189803394,"15":0.8909648085,"16":0.9085668016,"17":0.9118713864,"18":0.9359361349,"19":0.9413869577,"20":0.9117109935,"21":0.9214948614,"22":0.9136334187,"23":0.9229196729,"24":0.9164785328,"25":0.9039900343,"26":0.9106596076,"27":0.9335973928,"28":0.9320096004,"29":0.8975305873,"30":0.9053229524,"31":0.9270183743,"32":0.9226129124,"33":0.9091399908,"34":0.9110637662,"35":0.9230246029,"36":0.9199177826,"37":0.9368760491,"38":0.9132260408,"39":0.8919638185,"40":0.9147256306,"41":0.9246689505,"42":0.9178470811,