{"Artifacts":{"0":0.7468030124,"1":0.7343894714,"2":0.7373450634,"3":0.7241315229,"4":0.7420153311,"5":0.7385454733,"6":0.7385605263,"7":0.7408888179,"8":0.745949643,"9":0.7338420889,"10":0.7419967201,"11":0.7556268187,"12":0.754948338,"13":0.74348259,"14":0.7410935389,"15":0.7619088542,"16":0.7318348372,"17":0.7373787274,"18":0.7397453358,"19":0.7252396988},"badsequence":{"0":0.9987012821,"1":0.9988456539,"2":0.9987557997,"3":0.9988083193,"4":0.9987409572,"5":0.9987688154,"6":0.998782402,"7":0.9987985004,"8":0.998741471,"9":0.9987963311,"10":0.9987310242,"11":0.9987347919,"12":0.9988096323,"13":0.9987528883,"14":0.9988297267,"15":0.9988176244,"16":0.9988184807,"17":0.9988065496,"18":0.9987748666,"19":0.9988049512},"Field_artefacts":{"0":0.8568777388,"1":0.845771298,"2":0.8489057127,"3":0.8538117944,"4":0.8436877111,"5":0.8563837071,"6":0.8464032211,"7":0.85690817,"8":0.8529140737,"9":0.8445840054,"10":0.8442074191,"11":0.8507786586,"12":0.8470475069,"13":0.8547984313,"14":0.8473361279,"15":0.8563675405,"16":0.8357042733,"17":0.8549277639,"18":0.8447780043,"19":0.8459082385},"highiron-lowt1":{"0":0.8524199265,"1":0.8558860045,"2":0.845154673,"3":0.8723824861,"4":0.8591082769,"5":0.8163956981,"6":0.8502528513,"7":0.8517172382,"8":0.8513561884,"9":0.8445273004,"10":0.8382683275,"11":0.8271510997,"12":0.8297258118,"13":0.8366913552,"14":0.8433183659,"15":0.8565778225,"16":0.8394811443,"17":0.839780078,"18":0.8610167939,"19":0.8401939264},"lookuptable-rip":{"0":0.8187138496,"1":0.8385531812,"2":0.8164452121,"3":0.8112451799,"4":0.7776116645,"5":0.781214653,"6":0.7913094473,"7":0.7924333226,"8":0.8088592545,"9":0.7578920308,"10":0.8070003213,"11":0.7854779884,"12":0.8247686375,"13":0.833341099,"14":0.8065375964,"15":0.789504338,"16":0.7817247751,"17":0.8299534062,"18":0.7983451157,"19":0.7105165488},"m50pcfail":{"0":0.9153728955,"1":0.9220459602,"2":0.9195368214,"3":0.9149905377,"4":0.9171285513,"5":0.9139879155,"6":0.9202323441,"7":0.9144017246,"8":0.9215483559,"9":0.9209957118,"10":0.9181803722,"11":0.9142741222,"12":0.9149190983,"13":0.9198504356,"14":0.9171438276,"15":0.9184757897,"16":0.9145834681,"17":0.9166520643,"18":0.9135700627,"19":0.921479837},"Other_Unlisted":{"0":0.9104821086,"1":0.9116362226,"2":0.9099135218,"3":0.9032968045,"4":0.9135244173,"5":0.9133654389,"6":0.9069737238,"7":0.9065958243,"8":0.9062583208,"9":0.9062035906,"10":0.913878861,"11":0.9130748471,"12":0.9122521554,"13":0.9160202919,"14":0.9046841737,"15":0.9040543411,"16":0.9083541431,"17":0.9109012731,"18":0.9058921492,"19":0.9112339985},"pdff35":{"0":0.8467312251,"1":0.8314873197,"2":0.8308070156,"3":0.8451577816,"4":0.847665202,"5":0.8194666915,"6":0.8435742488,"7":0.8419051975,"8":0.8317376294,"9":0.8203454177,"10":0.8167416314,"11":0.8282328139,"12":0.828755053,"13":0.8442305309,"14":0.8300133274,"15":0.8408708085,"16":0.8183294882,"17":0.8125214397,"18":0.8444909298,"19":0.8136307774},"Rainbow":{"0":0.9067461116,"1":0.9130239512,"2":0.9025989485,"3":0.8996817956,"4":0.9000450426,"5":0.9038570871,"6":0.9059519977,"7":0.9037745648,"8":0.8962512537,"9":0.9053206931,"10":0.901818992,"11":0.9121529035,"12":0.9094108543,"13":0.9041290566,"14":0.9036311288,"15":0.9039988466,"16":0.9082836709,"17":0.9015185215,"18":0.9026686174,"19":0.9076480818},"Segmentation_fail":{"0":0.8915317372,"1":0.8890544268,"2":0.887905846,"3":0.9055174184,"4":0.8937633261,"5":0.8874080571,"6":0.8897669135,"7":0.8917168216,"8":0.885597403,"9":0.8948424562,"10":0.8913075207,"11":0.8900679841,"12":0.8885636888,"13":0.8940545255,"14":0.8974012037,"15":0.8916131743,"16":0.8888354984,"17":0.8907709523,"18":0.888303513,"19":0.8950423473},"Wrong_location":{"0":0.9525017431,"1":0.8834836336,"2":0.9204857161,"3":0.8844182324,"4":0.8845260266,"5":0.9179273238,"6":0.9182392389,"7":0.9014944406,"8":0.9341549393,"9":0.9009130399,"10":0.9020093299,"11":0.9588810961,"12":0.9514432957,"13":0.9342719075,"14":0.8835375307,"15":0.9007410279,"16":0.88262128,"17":0.9374449561,"18":0.884179709,"19":0.9001642142},"zeroct1":{"0":0.8990972909,"1":0.8998459818,"2":0.9020326447,"3":0.8862168687,"4":0.903126615,"5":0.9031253374,"6":0.8891356133,"7":0.8934306844,"8":0.8894860032,"9":0.8977139375,"10":0.8948993196,"11":0.8979106924,"12":0.8994543883,"13":0.9043540976,"14":0.8957483044,"15":0.8995492523,"16":0.903842407,"17":0.884351849,"18":0.89088373,"19":0.9141726806}}