{"Artifacts":{"0":0.7556082077,"1":0.7278687771,"2":0.718754858,"3":0.7442445464,"4":0.740026143,"5":0.7381475262,"6":0.7400707547,"7":0.7248869108,"8":0.7355671649,"9":0.7322267631,"10":0.7456094448,"11":0.7358564566,"12":0.7349302854,"13":0.7357809178,"14":0.7423103703,"15":0.7268933414,"16":0.753775571,"17":0.7540451569,"18":0.7427515606,"19":0.7388908716},"badsequence":{"0":0.9981065549,"1":0.9981920705,"2":0.9982931136,"3":0.9982658263,"4":0.9983161766,"5":0.9983404383,"6":0.998278214,"7":0.9982674247,"8":0.9982775861,"9":0.998281468,"10":0.998284779,"11":0.998221413,"12":0.9982886038,"13":0.9983308478,"14":0.9983056156,"15":0.9982343716,"16":0.9982610881,"17":0.9983402671,"18":0.9984103693,"19":0.9983001352},"Field_artefacts":{"0":0.8518684763,"1":0.8595794597,"2":0.8528113683,"3":0.8459876449,"4":0.8730680936,"5":0.8490935303,"6":0.8432792672,"7":0.8594239752,"8":0.8510111721,"9":0.8436382604,"10":0.8611266965,"11":0.8512745922,"12":0.8505442432,"13":0.8373323431,"14":0.8503169601,"15":0.8482438339,"16":0.8487521302,"17":0.8569647531,"18":0.8454703144,"19":0.8438693474},"highiron-lowt1":{"0":0.8329403196,"1":0.8393227482,"2":0.8689855122,"3":0.8306202835,"4":0.8510246438,"5":0.8373358097,"6":0.844939596,"7":0.8349031882,"8":0.8538097741,"9":0.8353644002,"10":0.8578329558,"11":0.841583774,"12":0.8388475601,"13":0.8269018589,"14":0.8359195628,"15":0.8542733155,"16":0.8559162861,"17":0.8412988165,"18":0.8617722808,"19":0.8343581195},"lookuptable-rip":{"0":0.762659865,"1":0.8244786311,"2":0.8203671272,"3":0.8106852506,"4":0.8234407134,"5":0.8232487147,"6":0.7997067802,"7":0.8363600578,"8":0.8503357969,"9":0.7778839974,"10":0.8464773458,"11":0.7910531812,"12":0.8157446979,"13":0.8081916774,"14":0.8049164524,"15":0.8695549486,"16":0.8174325193,"17":0.8391155206,"18":0.8159857005,"19":0.8252731362},"m50pcfail":{"0":0.9099104806,"1":0.9114432816,"2":0.9158599411,"3":0.9096370791,"4":0.9112853512,"5":0.9131025618,"6":0.9128455598,"7":0.9173581457,"8":0.9179815552,"9":0.9083936299,"10":0.9138634583,"11":0.9179820045,"12":0.9109409596,"13":0.9159334023,"14":0.9144960785,"15":0.9127761423,"16":0.9135774762,"17":0.9152688816,"18":0.9158307364,"19":0.9117072478},"Other_Unlisted":{"0":0.905025152,"1":0.9051437343,"2":0.9084214701,"3":0.900929937,"4":0.9011918605,"5":0.9078928451,"6":0.9136273624,"7":0.9073055804,"8":0.9072760435,"9":0.9004949181,"10":0.9100559943,"11":0.9062033734,"12":0.9048444552,"13":0.9042782574,"14":0.9042319973,"15":0.9032946327,"16":0.9124437114,"17":0.904125143,"18":0.9042802121,"19":0.910700161},"pdff35":{"0":0.820200805,"1":0.8484675381,"2":0.8332289175,"3":0.8226928513,"4":0.8187964766,"5":0.8455901783,"6":0.8479116681,"7":0.8381875468,"8":0.8101201967,"9":0.8280363136,"10":0.8217675224,"11":0.8212183786,"12":0.8293142861,"13":0.8236969726,"14":0.8375543258,"15":0.8096037228,"16":0.8326908239,"17":0.8315396878,"18":0.8187359411,"19":0.8459394587},"Rainbow":{"0":0.8949348093,"1":0.9016433294,"2":0.9011481958,"3":0.9050751754,"4":0.9051601193,"5":0.8986358305,"6":0.9059823615,"7":0.9013430453,"8":0.8991674751,"9":0.8993848645,"10":0.8957589143,"11":0.9033166873,"12":0.9018158252,"13":0.8984823354,"14":0.8910108102,"15":0.8958306323,"16":0.8988893583,"17":0.9047000064,"18":0.9072557751,"19":0.8941382738},"Segmentation_fail":{"0":0.8839887553,"1":0.8880507406,"2":0.8872867828,"3":0.8850904481,"4":0.8836132984,"5":0.8881794183,"6":0.8861374969,"7":0.8949108493,"8":0.8822912671,"9":0.8871503492,"10":0.8775786662,"11":0.8816024007,"12":0.89096344,"13":0.8887378444,"14":0.878776074,"15":0.8814649094,"16":0.8906651898,"17":0.8829124456,"18":0.8836975559,"19":0.8924740811},"Wrong_location":{"0":0.8189194892,"1":0.856631408,"2":0.74461717,"3":0.8635715203,"4":0.7977746229,"5":0.7661232615,"6":0.791720946,"7":0.7474668361,"8":0.8040966387,"9":0.790058163,"10":0.8085425764,"11":0.8008972148,"12":0.7979019119,"13":0.7518359418,"14":0.8059750101,"15":0.840333841,"16":0.8630589244,"17":0.8542874573,"18":0.7353009981,"19":0.7579159939},"zeroct1":{"0":0.8984885004,"1":0.8965001894,"2":0.8830994526,"3":0.8987606355,"4":0.9025510429,"5":0.903983585,"6":0.9047642167,"7":0.897631211,"8":0.9035686748,"9":0.9062628761,"10":0.8991701157,"11":0.9040688668,"12":0.8955901978,"13":0.9011708836,"14":0.8947638909,"15":0.8975705236,"16":0.8922214081,"17":0.9031930517,"18":0.8851752812,"19":0.9009460208}}