{"Artifacts":{"0":0.5183978886,"1":0.5314048659,"2":0.5062476166,"3":0.5002868716,"4":0.4944818484,"5":0.4869965324,"6":0.5289901869,"7":0.4681263334,"8":0.5581696562,"9":0.4799703733,"10":0.4689636535,"11":0.4995472477,"12":0.5175369583,"13":0.5220925479,"14":0.4271688231,"15":0.3939682161,"16":0.4575886903,"17":0.4331279997,"18":0.5270981994,"19":0.5048090762,"20":0.4738281085,"21":0.4747406326,"22":0.4836208348,"23":0.470864497,"24":0.4864924634,"25":0.5158182533,"26":0.4703499881,"27":0.5569191022,"28":0.5216459214,"29":0.5214863907,"30":0.5319769482,"31":0.515028569,"32":0.4419883808,"33":0.4780929739,"34":0.4655115523,"35":0.4208841656,"36":0.4188590642,"37":0.4831398525,"38":0.4911275943,"39":0.5837867438,"40":0.4871158625,"41":0.5164886075,"42":0.5436886533,"43":0.5245455576,"44":0.4758563315,"45":0.4725365361,"46":0.5215531159,"47":0.5221269037,"48":0.5600798431,"49":0.4441585521},"badsequence":{"0":0.5120198884,"1":0.5033050093,"2":0.5273815855,"3":0.5532960525,"4":0.5298841147,"5":0.5175936199,"6":0.4894281362,"7":0.5251225839,"8":0.5235842965,"9":0.5302618882,"10":0.5048735001,"11":0.5020368161,"12":0.5214096559,"13":0.5344495146,"14":0.5084411171,"15":0.5187305848,"16":0.5161324031,"17":0.5011932056,"18":0.5236981666,"19":0.5083245847,"20":0.5315586729,"21":0.5177394292,"22":0.5085006784,"23":0.515020087,"24":0.4986409196,"25":0.5124659952,"26":0.5238113423,"27":0.5091078697,"28":0.5234784112,"29":0.5173354928,"30":0.5205018198,"31":0.5300925958,"32":0.5150999349,"33":0.5024863946,"34":0.5295790434,"35":0.5146718806,"36":0.4959857329,"37":0.5193915867,"38":0.506278129,"39":0.5265547678,"40":0.5184379248,"41":0.5047356756,"42":0.4880853026,"43":0.5223442237,"44":0.5090790883,"45":0.5152440083,"46":0.5117046627,"47":0.515927923,"48":0.5138904126,"49":0.523229943},"Field_artefacts":{"0":0.5304240464,"1":0.4921584479,"2":0.4843947968,"3":0.5076002587,"4":0.4584646595,"5":0.4490747409,"6":0.5044315426,"7":0.5187565224,"8":0.5535945297,"9":0.4869163825,"10":0.4992959506,"11":0.4650371133,"12":0.3961519806,"13":0.5324685825,"14":0.5065859109,"15":0.5758771221,"16":0.4981876975,"17":0.5098611009,"18":0.4768296064,"19":0.4516258967,"20":0.5496670831,"21":0.492655251,"22":0.4443036672,"23":0.4727204999,"24":0.5175320475,"25":0.4911207467,"26":0.5182479606,"27":0.4353465128,"28":0.4966532295,"29":0.5020580971,"30":0.5821591828,"31":0.5129301095,"32":0.5171808628,"33":0.4345661615,"34":0.5567505586,"35":0.4878371426,"36":0.5279341515,"37":0.5535033439,"38":0.5202769821,"39":0.4774314948,"40":0.5829323143,"41":0.4912383332,"42":0.4847710737,"43":0.4869045694,"44":0.4575149947,"45":0.4547100757,"46":0.4731476446,"47":0.5150731241,"48":0.542309647,"49":0.4302040456},"highiron-lowt1":{"0":0.6029436978,"1":0.5468232898,"2":0.4801717542,"3":0.5702420264,"4":0.5434143249,"5":0.4726385736,"6":0.4909886273,"7":0.4681711099,"8":0.5500312097,"9":0.4675184985,"10":0.470955273,"11":0.6365681451,"12":0.4953839803,"13":0.4934912613,"14":0.4173387097,"15":0.5083775373,"16":0.4857568878,"17":0.509795828,"18":0.5652585374,"19":0.5471919687,"20":0.475438879,"21":0.5399965711,"22":0.4938335615,"23":0.5259644813,"24":0.5085789408,"25":0.4457888913,"26":0.5450672541,"27":0.4996425983,"28":0.6095008457,"29":0.5469321583,"30":0.4707422628,"31":0.4763792414,"32":0.5080591575,"33":0.4837558392,"34":0.5209926837,"35":0.5019820344,"36":0.5632562513,"37":0.5164505477,"38":0.5389668573,"39":0.5116706851,"40":0.4733815117,"41":0.6223328259,"42":0.5053106878,"43":0.5149454333,"44":0.5475037413,"45":0.5089230513,"46":0.4174741141,"47":0.4643000966,"48":0.5382772229,"49":0.5548511806},"lookuptable-rip":{"0":0.5433101703,"1":0.7422678342,"2":0.4241243573,"3":0.4284624036,"4":0.5516531416,"5":0.5350759158,"6":0.5118292095,"7":0.5987005945,"8":0.5955675611,"9":0.6020106862,"10":0.4283218188,"11":0.6502550611,"12":0.4840536632,"13":0.4834009479,"14":0.5932126788,"15":0.5254759801,"16":0.4380522976,"17":0.5732647815,"18":0.5562339332,"19":0.5548770689,"20":0.4931314267,"21":0.5447662275,"22":0.4163620662,"23":0.5659041613,"24":0.5520347903,"25":0.616966581,"26":0.4948987789,"27":0.5536732808,"28":0.5882370662,"29":0.4834183673,"30":0.5394541292,"31":0.5659744537,"32":0.5926654884,"33":0.4740219312,"34":0.4182669131,"35":0.5276450032,"36":0.4667617288,"37":0.4655767995,"38":0.4974795148,"39":0.5846657561,"40":0.5740279563,"41":0.4719734094,"42":0.4714311536,"43":0.4517994859,"44":0.5765105255,"45":0.5588247108,"46":0.5475176735,"47":0.5308182037,"48":0.4838929949,"49":0.564910413},"m50pcfail":{"0":0.406698792,"1":0.4390522084,"2":0.5096550173,"3":0.4412324101,"4":0.4899742703,"5":0.523575984,"6":0.4124300229,"7":0.4165708293,"8":0.4720737407,"9":0.4921258096,"10":0.4712028615,"11":0.4621862317,"12":0.462046832,"13":0.4066648849,"14":0.4140683423,"15":0.4927084422,"16":0.44540757,"17":0.4153732587,"18":0.4554876684,"19":0.4542821654,"20":0.4140964836,"21":0.5216877509,"22":0.4536036421,"23":0.5296355228,"24":0.452954485,"25":0.4622686043,"26":0.523594993,"27":0.434176385,"28":0.4525508428,"29":0.5032162186,"30":0.5089516821,"31":0.4223780965,"32":0.3899993347,"33":0.4774812292,"34":0.3976070066,"35":0.4839801165,"36":0.5602254474,"37":0.4297314337,"38":0.4854836905,"39":0.4153643358,"40":0.4900471741,"41":0.4341383669,"42":0.4429649061,"43":0.4542072746,"44":0.4697485329,"45":0.4330706915,"46":0.422010588,"47":0.4817877385,"48":0.4538560987,"49":0.4862827484},"Other_Unlisted":{"0":0.5778122678,"1":0.5326081293,"2":0.5014994606,"3":0.4983845739,"4":0.4944435303,"5":0.5270114265,"6":0.4689905369,"7":0.4566046386,"8":0.482562028,"9":0.4736575064,"10":0.526224433,"11":0.4232078074,"12":0.4984681769,"13":0.5086569579,"14":0.5424661291,"15":0.4714968507,"16":0.4440672482,"17":0.5269579288,"18":0.4715722762,"19":0.5115709506,"20":0.5257473011,"21":0.4809352883,"22":0.4627588997,"23":0.4982038835,"24":0.4750589655,"25":0.4856051486,"26":0.535789009,"27":0.5223489752,"28":0.4191828479,"29":0.4937249739,"30":0.5065386271,"31":0.4980599376,"32":0.5050134844,"33":0.4816046386,"34":0.4914541166,"35":0.5258158545,"36":0.4911991094,"37":0.466407767,"38":0.5916909385,"39":0.4893505567,"40":0.4769537045,"41":0.5188371143,"42":0.5167313916,"43":0.4446521036,"44":0.4753551643,"45":0.5419286551,"46":0.4925454989,"47":0.4737864078,"48":0.4932497303,"49":0.5265701278},"pdff35":{"0":0.4503234111,"1":0.4676234916,"2":0.4986709574,"3":0.5591761866,"4":0.4918892823,"5":0.5447916331,"6":0.4583684634,"7":0.3559839099,"8":0.4500788415,"9":0.5143997425,"10":0.4343298471,"11":0.3997168142,"12":0.517998391,"13":0.4881094127,"14":0.4934921146,"15":0.4282284795,"16":0.5008012872,"17":0.4487916331,"18":0.377390185,"19":0.5240296106,"20":0.4788093323,"21":0.4049621883,"22":0.4336540628,"23":0.5008978278,"24":0.490370132,"25":0.4077425583,"26":0.4149637973,"27":0.4513724859,"28":0.4493065165,"29":0.4796266495,"30":0.5214867257,"31":0.4237232502,"32":0.4269670153,"33":0.4769879324,"34":0.4476279369,"35":0.5567497989,"36":0.3894513274,"37":0.512611424,"38":0.4949509252,"39":0.4789571934,"40":0.5197103781,"41":0.5305100563,"42":0.4452131939,"43":0.4977827836,"44":0.6154618603,"45":0.4643282381,"46":0.4479420756,"47":0.4787127916,"48":0.4645341915,"49":0.5031091085},"Rainbow":{"0":0.5032301464,"1":0.5111952663,"2":0.5118335935,"3":0.5374419609,"4":0.4838578655,"5":0.4913808782,"6":0.4980105886,"7":0.5105206585,"8":0.500699414,"9":0.4951733074,"10":0.4384652756,"11":0.4626994706,"12":0.4896167702,"13":0.5139342894,"14":0.5294734744,"15":0.4312550607,"16":0.4570887574,"17":0.4801710006,"18":0.5399279481,"19":0.4981934166,"20":0.5489629399,"21":0.4638505139,"22":0.4861344249,"23":0.4942525351,"24":0.510632678,"25":0.4827405793,"26":0.4797807537,"27":0.5780545985,"28":0.5373928792,"29":0.5139268894,"30":0.5321706633,"31":0.4739831828,"32":0.5137134219,"33":0.5182289366,"34":0.5115696095,"35":0.5058860168,"36":0.501152289,"37":0.5054407044,"38":0.4620819468,"39":0.5355585458,"40":0.4651635005,"41":0.4762055434,"42":0.4443119239,