{"Artifacts":{"0":0.5859445304,"1":0.5977159917,"2":0.6154413326,"3":0.6092739737,"4":0.6133393837,"5":0.597819447,"6":0.601087868,"7":0.5829700538,"8":0.577137693,"9":0.577237864,"10":0.5984051463,"11":0.5914605042,"12":0.5854978663,"13":0.6207181002,"14":0.585068171,"15":0.5902852739,"16":0.6265838513,"17":0.5728002338,"18":0.5931343999,"19":0.6160106105},"badsequence":{"0":0.999679288,"1":0.9996953008,"2":0.9996981837,"3":0.9996349889,"4":0.9997095153,"5":0.9996922181,"6":0.9997067466,"7":0.9997418834,"8":0.9996166356,"9":0.9996416966,"10":0.9997265557,"11":0.9996962142,"12":0.9997004957,"13":0.9997204189,"14":0.9997489336,"15":0.9996238,"16":0.999636359,"17":0.9996884504,"18":0.9996712388,"19":0.9996836266},"Field_artefacts":{"0":0.7873833153,"1":0.7902975792,"2":0.807569193,"3":0.7954242871,"4":0.7958474712,"5":0.7916836257,"6":0.7965459625,"7":0.8037690956,"8":0.7978449948,"9":0.8023164808,"10":0.7955911833,"11":0.8024705388,"12":0.7967623094,"13":0.8016460432,"14":0.8075458941,"15":0.796487953,"16":0.8047647667,"17":0.7997545533,"18":0.7947643103,"19":0.7996542254},"highiron-lowt1":{"0":0.5125307572,"1":0.5285885438,"2":0.5037576354,"3":0.5313666861,"4":0.5291297302,"5":0.4924990935,"6":0.5088022387,"7":0.5013180259,"8":0.5041248968,"9":0.5006661951,"10":0.4889390649,"11":0.5201205673,"12":0.5009880341,"13":0.51542692,"14":0.5197649527,"15":0.5384813081,"16":0.5050147099,"17":0.4993978621,"18":0.5307408664,"19":0.5188207881},"lookuptable-rip":{"0":0.7279161311,"1":0.7069601542,"2":0.7389323586,"3":0.7090890103,"4":0.7223232648,"5":0.7115946337,"6":0.6847927378,"7":0.7220669987,"8":0.7265191195,"9":0.7050216902,"10":0.7462178663,"11":0.7209013496,"12":0.7318878535,"13":0.740032937,"14":0.7054803985,"15":0.7397606041,"16":0.7154442481,"17":0.7238809447,"18":0.7490183162,"19":0.7035692481},"m50pcfail":{"0":0.6969529093,"1":0.6676034658,"2":0.6764605978,"3":0.6797018777,"4":0.6773704387,"5":0.6742266578,"6":0.6886924531,"7":0.6928197608,"8":0.6847552011,"9":0.6774158184,"10":0.6836171138,"11":0.6733586022,"12":0.6569500158,"13":0.6789515399,"14":0.6761442877,"15":0.6917171684,"16":0.6727394611,"17":0.6924400988,"18":0.6820683625,"19":0.6769507886},"Other_Unlisted":{"0":0.614188869,"1":0.6196080356,"2":0.6242744437,"3":0.6170743711,"4":0.6418476422,"5":0.6042731319,"6":0.6510453701,"7":0.6429539757,"8":0.6209806363,"9":0.6249676939,"10":0.6089256402,"11":0.6362608098,"12":0.6331902672,"13":0.6274670435,"14":0.6348795217,"15":0.6082871203,"16":0.6171603758,"17":0.6343070256,"18":0.6197244461,"19":0.6424844247},"pdff35":{"0":0.7241318675,"1":0.7042675632,"2":0.7018701638,"3":0.7061643434,"4":0.7070079974,"5":0.6916704061,"6":0.7118513209,"7":0.6988549175,"8":0.7067735423,"9":0.6887118518,"10":0.6988981571,"11":0.7023169737,"12":0.6987636337,"13":0.7078862432,"14":0.7108207754,"15":0.695637886,"16":0.6959780381,"17":0.6992392701,"18":0.6994227985,"19":0.7050170508},"Rainbow":{"0":0.870896054,"1":0.8661339789,"2":0.866739018,"3":0.8669487699,"4":0.8731150275,"5":0.8660050728,"6":0.8733249656,"7":0.863848317,"8":0.8744569923,"9":0.8667781369,"10":0.8800703693,"11":0.861202016,"12":0.8725487347,"13":0.8739000136,"14":0.8793852296,"15":0.8772623768,"16":0.8671425016,"17":0.8724701243,"18":0.8622205979,"19":0.8700954203},"Segmentation_fail":{"0":0.8291304489,"1":0.8326763131,"2":0.8238878015,"3":0.8384643425,"4":0.8312897667,"5":0.8172631907,"6":0.8234305549,"7":0.8370552334,"8":0.8319497247,"9":0.8341894221,"10":0.8337357009,"11":0.8427071817,"12":0.8296423394,"13":0.8215804162,"14":0.8392515681,"15":0.8338703718,"16":0.8288054055,"17":0.8310690756,"18":0.8328737365,"19":0.8344161064},"Wrong_location":{"0":0.5725753183,"1":0.5034264798,"2":0.6034079025,"3":0.6011189956,"4":0.5372463396,"5":0.5871057484,"6":0.5800532549,"7":0.6055064493,"8":0.6617222762,"9":0.4903386573,"10":0.5589817805,"11":0.5389699002,"12":0.6860310172,"13":0.5695582272,"14":0.587991037,"15":0.5889967341,"16":0.5489637995,"17":0.6956613977,"18":0.5567112216,"19":0.5939610014},"zeroct1":{"0":0.7059388693,"1":0.6961650033,"2":0.7066083471,"3":0.711533609,"4":0.6966651953,"5":0.7085318184,"6":0.7134762447,"7":0.707396964,"8":0.6936375327,"9":0.7109660221,"10":0.6932338017,"11":0.702789193,"12":0.7090917396,"13":0.7039802632,"14":0.7127090282,"15":0.7143587673,"16":0.6834621716,"17":0.6943680174,"18":0.6886388071,"19":0.7151847548}}