{"Artifacts":{"0":0.6014294347,"1":0.5801121696,"2":0.5822398455,"3":0.6024891673,"4":0.5892085724,"5":0.5996646735,"6":0.6067614879,"7":0.6067160552,"8":0.5852389544,"9":0.6288861422,"10":0.6048522177,"11":0.5907209904,"12":0.5894565367,"13":0.5944136329,"14":0.5876655011,"15":0.595582842,"16":0.5863276982,"17":0.5709692393,"18":0.5705285964,"19":0.6100446883},"badsequence":{"0":0.999654484,"1":0.999686167,"2":0.9996811433,"3":0.9996954435,"4":0.9996865095,"5":0.999712284,"6":0.9997094868,"7":0.999680915,"8":0.9996990971,"9":0.9997119986,"10":0.9996938166,"11":0.9997110852,"12":0.9996798874,"13":0.9997244435,"14":0.9996405834,"15":0.9996776611,"16":0.9996744642,"17":0.9997365173,"18":0.9996931315,"19":0.9996706965},"Field_artefacts":{"0":0.7890760514,"1":0.7960704749,"2":0.7955612276,"3":0.8026797534,"4":0.7898249445,"5":0.8013284174,"6":0.8000645712,"7":0.7811064027,"8":0.7943216313,"9":0.7970285825,"10":0.8024786221,"11":0.7921819368,"12":0.7944714099,"13":0.7927434877,"14":0.7977042505,"15":0.7875806427,"16":0.7949511769,"17":0.7828162564,"18":0.7847424569,"19":0.7996123825},"highiron-lowt1":{"0":0.5245991377,"1":0.4935845722,"2":0.5186297811,"3":0.5546477979,"4":0.5204684175,"5":0.515881144,"6":0.5164231069,"7":0.528632025,"8":0.4992868296,"9":0.5369819809,"10":0.5372630562,"11":0.5214327698,"12":0.5176188417,"13":0.5191453447,"14":0.5364229361,"15":0.4959954531,"16":0.5309574963,"17":0.5005198341,"18":0.5312486655,"19":0.5473802149},"lookuptable-rip":{"0":0.709746144,"1":0.7342167416,"2":0.7060563946,"3":0.6989532455,"4":0.7145766388,"5":0.6887700835,"6":0.7295597686,"7":0.6677602828,"8":0.6995637853,"9":0.7465528599,"10":0.7094657776,"11":0.7017159383,"12":0.7494738111,"13":0.7134366967,"14":0.7243043059,"15":0.7018332262,"16":0.7502779563,"17":0.7120702121,"18":0.7465070694,"19":0.7336744859},"m50pcfail":{"0":0.6986463366,"1":0.6963535376,"2":0.690397113,"3":0.6837595432,"4":0.6850333204,"5":0.6877439721,"6":0.6845390859,"7":0.6854444337,"8":0.6900053198,"9":0.6755170592,"10":0.6964667623,"11":0.6847911455,"12":0.6821276707,"13":0.6879600874,"14":0.6878998807,"15":0.6844056425,"16":0.6842793881,"17":0.674971604,"18":0.6755929916,"19":0.686669686},"Other_Unlisted":{"0":0.6233518475,"1":0.6325556566,"2":0.6280360646,"3":0.613064292,"4":0.6393335242,"5":0.6096922985,"6":0.6202852143,"7":0.6089877548,"8":0.6232502056,"9":0.6416434896,"10":0.6022906795,"11":0.6075365335,"12":0.6226399195,"13":0.6317008217,"14":0.6096345277,"15":0.6117507652,"16":0.6158351211,"17":0.6195989139,"18":0.6228180101,"19":0.6277406949},"pdff35":{"0":0.6973040546,"1":0.70111395,"2":0.7176286212,"3":0.6989663797,"4":0.690807054,"5":0.7173105694,"6":0.7134593562,"7":0.7001871797,"8":0.6802695465,"9":0.7120458994,"10":0.7099040944,"11":0.7026657737,"12":0.6964805791,"13":0.7209820978,"14":0.7105012823,"15":0.7024466927,"16":0.7191506576,"17":0.7130327247,"18":0.6969163389,"19":0.7116634685},"Rainbow":{"0":0.8702109142,"1":0.8692575306,"2":0.8689121665,"3":0.8729563165,"4":0.8662099814,"5":0.8731951281,"6":0.8771006854,"7":0.8567294208,"8":0.8698949825,"9":0.8570919227,"10":0.8732368549,"11":0.8736023373,"12":0.8725401658,"13":0.8629914266,"14":0.8711777101,"15":0.8746347039,"16":0.8588407242,"17":0.872144506,"18":0.8715163681,"19":0.8736533782},"Segmentation_fail":{"0":0.8269260057,"1":0.8431418656,"2":0.8374426767,"3":0.833110292,"4":0.8374437343,"5":0.8262998917,"6":0.8288121037,"7":0.8288843748,"8":0.8343907234,"9":0.8268586703,"10":0.8190477567,"11":0.8403589015,"12":0.8291840352,"13":0.8392205444,"14":0.8395688556,"15":0.8239836928,"16":0.8360596557,"17":0.8352604437,"18":0.8375780527,"19":0.8278031294},"Wrong_location":{"0":0.5561206469,"1":0.5352624674,"2":0.5756646545,"3":0.5365777861,"4":0.5915402187,"5":0.5709928076,"6":0.5298119794,"7":0.6681532329,"8":0.5912638527,"9":0.5291583336,"10":0.5448756468,"11":0.5878167315,"12":0.615000367,"13":0.6653494367,"14":0.614800833,"15":0.5150946296,"16":0.5313715552,"17":0.7585375307,"18":0.6043447947,"19":0.5910161554},"zeroct1":{"0":0.7179824441,"1":0.7132558536,"2":0.724847467,"3":0.6956105121,"4":0.7144504372,"5":0.7033634875,"6":0.7206804783,"7":0.7123704564,"8":0.7157459536,"9":0.708036737,"10":0.7110698295,"11":0.7233660556,"12":0.7325653076,"13":0.7234919021,"14":0.7023167895,"15":0.7149560591,"16":0.7180795439,"17":0.7120523266,"18":0.720920992,"19":0.7084155541}}