{"Artifacts":{"0":0.5874782963,"1":0.6131341153,"2":0.6052638493,"3":0.597241411,"4":0.5843839429,"5":0.6022680248,"6":0.5748923299,"7":0.5921244792,"8":0.6015323426,"9":0.5901670393,"10":0.592679525,"11":0.6026134231,"12":0.5878795277,"13":0.6041800319,"14":0.5999126377,"15":0.5838305391,"16":0.5896869848,"17":0.5861738837,"18":0.5802282147,"19":0.6015000471},"badsequence":{"0":0.9996673855,"1":0.9996752349,"2":0.9996407546,"3":0.9996662438,"4":0.9996786601,"5":0.9996708678,"6":0.9996847969,"7":0.9996567389,"8":0.9996865095,"9":0.9996563107,"10":0.9997481629,"11":0.9996398983,"12":0.9996811719,"13":0.9996632467,"14":0.9996598786,"15":0.9997216177,"16":0.9996843973,"17":0.9996709249,"18":0.9997188204,"19":0.999682542},"Field_artefacts":{"0":0.798398938,"1":0.7994702116,"2":0.786491776,"3":0.8064750959,"4":0.7849217157,"5":0.8046829829,"6":0.7973019879,"7":0.7971712288,"8":0.8011805408,"9":0.7917554244,"10":0.8001454041,"11":0.8052302692,"12":0.8083822769,"13":0.7875221577,"14":0.7955921343,"15":0.8033991662,"16":0.7975197613,"17":0.7962240574,"18":0.7882862664,"19":0.7943981848},"highiron-lowt1":{"0":0.5225989995,"1":0.5377879372,"2":0.5158733794,"3":0.5405039634,"4":0.5189442438,"5":0.5486908645,"6":0.5150324828,"7":0.5092013346,"8":0.5179581508,"9":0.5072283721,"10":0.512835126,"11":0.520285175,"12":0.496545957,"13":0.4708415411,"14":0.4953494457,"15":0.5011751588,"16":0.5054681573,"17":0.5265309482,"18":0.4941614754,"19":0.5050954608},"lookuptable-rip":{"0":0.7411793059,"1":0.7141572943,"2":0.7385218509,"3":0.7088488111,"4":0.7336238753,"5":0.7173987789,"6":0.7218356362,"7":0.7480109254,"8":0.6819440874,"9":0.7468035026,"10":0.6987074229,"11":0.6975980077,"12":0.7117271851,"13":0.7103446337,"14":0.7257463046,"15":0.730035347,"16":0.6647373072,"17":0.7088070373,"18":0.7394938946,"19":0.7160242609},"m50pcfail":{"0":0.6825005931,"1":0.680625647,"2":0.6803771818,"3":0.682292116,"4":0.6736919859,"5":0.700105227,"6":0.6773362916,"7":0.6962569373,"8":0.6638333549,"9":0.685926537,"10":0.6649615575,"11":0.6909439161,"12":0.6851883303,"13":0.6713214573,"14":0.6856160678,"15":0.6955012077,"16":0.6872780438,"17":0.6687503145,"18":0.6693687816,"19":0.6828825016},"Other_Unlisted":{"0":0.6355501848,"1":0.6357621561,"2":0.6020939111,"3":0.5927580544,"4":0.6371204227,"5":0.6133861582,"6":0.6283700931,"7":0.6379761263,"8":0.6262099845,"9":0.6088435448,"10":0.6136611127,"11":0.6300510946,"12":0.6059159091,"13":0.6397969941,"14":0.6491319821,"15":0.6017077585,"16":0.6101501217,"17":0.6236420049,"18":0.6174214306,"19":0.6084365426},"pdff35":{"0":0.689683303,"1":0.7047220602,"2":0.6939150254,"3":0.7316863183,"4":0.7175786554,"5":0.7021238365,"6":0.7106122641,"7":0.7271644097,"8":0.7076517881,"9":0.6957046673,"10":0.6928667036,"11":0.7163919666,"12":0.6940591576,"13":0.719110781,"14":0.6989413968,"15":0.7147200327,"16":0.6850811609,"17":0.7027013263,"18":0.6787551972,"19":0.7133517374},"Rainbow":{"0":0.8690637988,"1":0.8746883527,"2":0.8767765573,"3":0.8737211843,"4":0.8699516118,"5":0.8777172739,"6":0.8680325499,"7":0.8623688771,"8":0.8771163329,"9":0.8714537778,"10":0.8719254401,"11":0.8676778718,"12":0.8763555633,"13":0.8643266854,"14":0.860567172,"15":0.8664525186,"16":0.8629556608,"17":0.8650468458,"18":0.8719045767,"19":0.8648128775},"Segmentation_fail":{"0":0.8296627868,"1":0.8331931393,"2":0.831245699,"3":0.8346040111,"4":0.8314350139,"5":0.8325811269,"6":0.8378283573,"7":0.824687366,"8":0.8307979711,"9":0.8161858233,"10":0.8142725796,"11":0.8295982717,"12":0.8283841181,"13":0.8222072353,"14":0.8443962089,"15":0.8264342101,"16":0.8284814196,"17":0.8436770239,"18":0.8305497817,"19":0.826111987},"Wrong_location":{"0":0.6509027192,"1":0.5686018403,"2":0.623318869,"3":0.5845393288,"4":0.619155031,"5":0.5477298998,"6":0.6974101868,"7":0.5765017798,"8":0.5370468056,"9":0.6941992954,"10":0.6079650747,"11":0.529573456,"12":0.5985227606,"13":0.5544085538,"14":0.5432862556,"15":0.5697669352,"16":0.5688380702,"17":0.5065960882,"18":0.6066749844,"19":0.5459318007},"zeroct1":{"0":0.7276755,"1":0.7243776187,"2":0.7048219016,"3":0.7050403763,"4":0.7007465828,"5":0.7123739698,"6":0.6887652924,"7":0.7317495412,"8":0.7257967457,"9":0.7173688625,"10":0.6978313516,"11":0.7104444298,"12":0.7341863001,"13":0.7179549751,"14":0.7133465653,"15":0.7218654797,"16":0.683867819,"17":0.7216026074,"18":0.7052160503,"19":0.7216891668}}