{"Artifacts":{"0":0.5952648127,"1":0.6146541966,"2":0.6018005601,"3":0.612860424,"4":0.6202582989,"5":0.5809682759,"6":0.6103276851,"7":0.6063148238,"8":0.5999564284,"9":0.588413773,"10":0.6002208141,"11":0.621576396,"12":0.6183134488,"13":0.5889956406,"14":0.582694173,"15":0.6011853021,"16":0.6181897403,"17":0.6017179053,"18":0.57428583,"19":0.5720426564},"badsequence":{"0":0.9996919042,"1":0.9997113706,"2":0.9996593078,"3":0.9996778609,"4":0.9996984406,"5":0.9996742073,"6":0.9996681562,"7":0.9997367741,"8":0.9997238726,"9":0.9997240153,"10":0.9997183637,"11":0.9995795294,"12":0.999734719,"13":0.9997110281,"14":0.999635731,"15":0.9997052624,"16":0.99965123,"17":0.9996633609,"18":0.999704977,"19":0.9996963569},"Field_artefacts":{"0":0.7862155176,"1":0.798224434,"2":0.7884365205,"3":0.7915414549,"4":0.8016103816,"5":0.8004316477,"6":0.8015514211,"7":0.7994840008,"8":0.7962801649,"9":0.7924173032,"10":0.7945503408,"11":0.7949825591,"12":0.7940743777,"13":0.7968673922,"14":0.7832427688,"15":0.8045954931,"16":0.7916997923,"17":0.7973452573,"18":0.7937924135,"19":0.8010645218},"highiron-lowt1":{"0":0.497960651,"1":0.5059480042,"2":0.5170201978,"3":0.5401879478,"4":0.4935969954,"5":0.496831691,"6":0.5027956124,"7":0.5520987087,"8":0.5402011474,"9":0.553730809,"10":0.5168913069,"11":0.5099855502,"12":0.518121982,"13":0.4904088869,"14":0.5528837008,"15":0.5287710098,"16":0.5078673915,"17":0.5237528059,"18":0.5348381992,"19":0.5098481184},"lookuptable-rip":{"0":0.7195268316,"1":0.7126196979,"2":0.709436054,"3":0.7611785026,"4":0.7497638175,"5":0.6950859576,"6":0.7221907134,"7":0.7136648458,"8":0.7539211118,"9":0.7187990039,"10":0.7019762211,"11":0.7368276028,"12":0.7286704692,"13":0.6985716581,"14":0.7401606684,"15":0.6934174165,"16":0.7034423201,"17":0.6951229113,"18":0.734027153,"19":0.7149678663},"m50pcfail":{"0":0.6735113656,"1":0.681578621,"2":0.6764403791,"3":0.6882925725,"4":0.674981938,"5":0.6909299876,"6":0.6890451569,"7":0.6817772135,"8":0.6720066461,"9":0.6962439074,"10":0.6663876488,"11":0.6770154884,"12":0.6775209555,"13":0.6809900326,"14":0.6867038331,"15":0.6730971072,"16":0.6999704358,"17":0.6745555484,"18":0.6645670685,"19":0.6805402792},"Other_Unlisted":{"0":0.6145246349,"1":0.6175139508,"2":0.6084061369,"3":0.6049972222,"4":0.617801502,"5":0.6225982202,"6":0.6443439512,"7":0.6280986135,"8":0.6094186471,"9":0.6230438811,"10":0.6280656016,"11":0.6186363559,"12":0.6225330651,"13":0.6380126132,"14":0.6282884321,"15":0.6215340203,"16":0.6381520451,"17":0.5939052184,"18":0.6111648037,"19":0.6122120633},"pdff35":{"0":0.6913475499,"1":0.7025437417,"2":0.7102932514,"3":0.7072270784,"4":0.7129510498,"5":0.6888982628,"6":0.6959722728,"7":0.6772485349,"8":0.7011533461,"9":0.6931299852,"10":0.7023482023,"11":0.7019114817,"12":0.7100415005,"13":0.7079294828,"14":0.6946625912,"15":0.7009976833,"16":0.6960145516,"17":0.6746877856,"18":0.7118441143,"19":0.6925875675},"Rainbow":{"0":0.8597520085,"1":0.879198204,"2":0.8689203628,"3":0.8642391335,"4":0.8799608364,"5":0.8651042202,"6":0.8647398555,"7":0.874290085,"8":0.8693644556,"9":0.8714370126,"10":0.8533312917,"11":0.8708297381,"12":0.8667576461,"13":0.8693801032,"14":0.8771513537,"15":0.8675854767,"16":0.8730081025,"17":0.8695842666,"18":0.8683987774,"19":0.8633386535},"Segmentation_fail":{"0":0.8418603766,"1":0.8398237433,"2":0.8384742137,"3":0.8290532423,"4":0.8320230534,"5":0.8375752324,"6":0.8346318619,"7":0.8249263893,"8":0.8323985103,"9":0.8190195534,"10":0.8387005455,"11":0.8333549559,"12":0.8343491234,"13":0.8250938466,"14":0.8345518349,"15":0.8251745786,"16":0.8297808883,"17":0.8285875347,"18":0.8242466889,"19":0.8174874072},"Wrong_location":{"0":0.6358207038,"1":0.5609667994,"2":0.51000422,"3":0.5973439048,"4":0.6039606345,"5":0.5815314117,"6":0.5307190562,"7":0.5580242468,"8":0.5057727239,"9":0.6424959176,"10":0.5389630197,"11":0.6068584639,"12":0.6093595189,"13":0.6941855345,"14":0.6401359124,"15":0.56435773,"16":0.6766942039,"17":0.6192330098,"18":0.6397356978,"19":0.6493821328},"zeroct1":{"0":0.7038346134,"1":0.7152754665,"2":0.707693374,"3":0.7196395296,"4":0.7001582344,"5":0.7118303385,"6":0.7242623127,"7":0.7092530403,"8":0.7226649563,"9":0.7334823262,"10":0.7053406192,"11":0.73059137,"12":0.7122765506,"13":0.7037576362,"14":0.7139275673,"15":0.7103601063,"16":0.7159526102,"17":0.701575445,"18":0.7226617623,"19":0.7159701776}}