{"Artifacts":{"0":0.5999033322,"1":0.6025280315,"2":0.6001398015,"3":0.5936576976,"4":0.5831589008,"5":0.5851376886,"6":0.5927775065,"7":0.6207295952,"8":0.6223815957,"9":0.5930982727,"10":0.5944771293,"11":0.6172121151,"12":0.594478224,"13":0.6023254999,"14":0.5959638202,"15":0.5950650181,"16":0.5840604398,"17":0.5891987196,"18":0.6128379813,"19":0.5762651652},"badsequence":{"0":0.9996533422,"1":0.9997261846,"2":0.9996862811,"3":0.9997119415,"4":0.9996790597,"5":0.9997336058,"6":0.9996859101,"7":0.9996369299,"8":0.9997366029,"9":0.9996897349,"10":0.9996860528,"11":0.9996943018,"12":0.9997524729,"13":0.9996603353,"14":0.9996689554,"15":0.9996850823,"16":0.9997430251,"17":0.9995970264,"18":0.9997069464,"19":0.999669355},"Field_artefacts":{"0":0.789070821,"1":0.8039783102,"2":0.7911582119,"3":0.8036083808,"4":0.8115490247,"5":0.7935394541,"6":0.7960333868,"7":0.8053467636,"8":0.8017820327,"9":0.800439731,"10":0.7947219919,"11":0.7839208142,"12":0.8008334348,"13":0.8001163994,"14":0.7986433386,"15":0.80675706,"16":0.7953058907,"17":0.7831267498,"18":0.8094592564,"19":0.7943392243},"highiron-lowt1":{"0":0.5032591538,"1":0.5495581605,"2":0.5003994841,"3":0.5222045623,"4":0.5234166025,"5":0.5044494534,"6":0.5673117164,"7":0.5243693081,"8":0.5495364198,"9":0.5257529441,"10":0.4856787464,"11":0.5364143951,"12":0.5585991579,"13":0.4882022127,"14":0.4978208898,"15":0.518965208,"16":0.5152413482,"17":0.515617927,"18":0.5034641369,"19":0.5414341519},"lookuptable-rip":{"0":0.7163255141,"1":0.7422397172,"2":0.6951807519,"3":0.7548979756,"4":0.7065721401,"5":0.7043195694,"6":0.7014861825,"7":0.7323208548,"8":0.7011576157,"9":0.7111343188,"10":0.7042368252,"11":0.7083346722,"12":0.706496626,"13":0.6845694087,"14":0.6866910347,"15":0.6970742288,"16":0.6799453728,"17":0.7185001607,"18":0.6868525064,"19":0.7214532455},"m50pcfail":{"0":0.6811724501,"1":0.6752304032,"2":0.6834517699,"3":0.6837559488,"4":0.6744369321,"5":0.7141747362,"6":0.680195663,"7":0.6905894151,"8":0.6877722783,"9":0.6764507131,"10":0.6870044176,"11":0.6915019518,"12":0.6844281077,"13":0.6868709742,"14":0.6778219893,"15":0.660828409,"16":0.6897887552,"17":0.6803313528,"18":0.6851198114,"19":0.6963050128},"Other_Unlisted":{"0":0.615339508,"1":0.6216317529,"2":0.6336906584,"3":0.6185290672,"4":0.6073740802,"5":0.633681971,"6":0.6045237618,"7":0.5981420372,"8":0.6200180784,"9":0.6313533278,"10":0.6162482044,"11":0.6088835066,"12":0.6248022,"13":0.6319666545,"14":0.622181662,"15":0.6224318575,"16":0.6246927394,"17":0.616362443,"18":0.6246171595,"19":0.625803851},"pdff35":{"0":0.6925822827,"1":0.7072453352,"2":0.7061230255,"3":0.7038899368,"4":0.7275968064,"5":0.6946741218,"6":0.7125494013,"7":0.6952746728,"8":0.6882756116,"9":0.7040148514,"10":0.7122236625,"11":0.7127295666,"12":0.7037592569,"13":0.6811795013,"14":0.6986752326,"15":0.722919235,"16":0.7141973132,"17":0.7229336482,"18":0.6854054584,"19":0.7119209848},"Rainbow":{"0":0.8801854907,"1":0.8723821999,"2":0.8712067699,"3":0.8583917882,"4":0.872797978,"5":0.8717991419,"6":0.8701885606,"7":0.8664052033,"8":0.8643706476,"9":0.8683272457,"10":0.8588176254,"11":0.8694426934,"12":0.8732200897,"13":0.8671931699,"14":0.8674055297,"15":0.8713442449,"16":0.8645889683,"17":0.8751700741,"18":0.8705242381,"19":0.8758209382},"Segmentation_fail":{"0":0.8326093302,"1":0.8294939194,"2":0.8306960865,"3":0.8265202303,"4":0.8326974656,"5":0.8352953453,"6":0.8362641299,"7":0.8329273228,"8":0.8480598221,"9":0.8269799446,"10":0.8322589038,"11":0.8321954463,"12":0.8318474876,"13":0.829017283,"14":0.8293856891,"15":0.8277988989,"16":0.8258398248,"17":0.8277012449,"18":0.8355068703,"19":0.8381819566},"Wrong_location":{"0":0.6142767697,"1":0.5576515541,"2":0.5315756761,"3":0.6429672306,"4":0.5624701846,"5":0.5951180691,"6":0.5482528164,"7":0.5304174617,"8":0.5596377197,"9":0.5910207424,"10":0.6275641261,"11":0.5566011339,"12":0.5398964717,"13":0.559908352,"14":0.649380986,"15":0.5522251477,"16":0.5563213277,"17":0.5828467304,"18":0.661057163,"19":0.620650389},"zeroct1":{"0":0.7130737914,"1":0.6977425564,"2":0.7142195057,"3":0.7008983013,"4":0.723324852,"5":0.6899630701,"6":0.6978706387,"7":0.722545498,"8":0.7264413099,"9":0.7025694408,"10":0.7009593081,"11":0.7232347791,"12":0.6906798203,"13":0.7269009371,"14":0.6978211306,"15":0.7152419287,"16":0.7192013027,"17":0.7076649468,"18":0.7152042387,"19":0.702520252}}