{"Artifacts":{"0":0.7441320593,"1":0.7371857751,"2":0.7398099269,"3":0.7302679547,"4":0.7320967597,"5":0.7349064742,"6":0.7342452361,"7":0.7358446879,"8":0.7365376741,"9":0.7496962027,"10":0.7119990629,"11":0.7319434926,"12":0.747663224,"13":0.7222581062,"14":0.7306199217,"15":0.7289224884,"16":0.731836753,"17":0.7467217261,"18":0.736821492,"19":0.7334247097},"badsequence":{"0":0.9995917744,"1":0.9996360736,"2":0.9995858945,"3":0.9996031917,"4":0.999563431,"5":0.9996595076,"6":0.9995815559,"7":0.9996131533,"8":0.9995925451,"9":0.999565743,"10":0.9995603769,"11":0.9996537133,"12":0.9996385568,"13":0.9995969693,"14":0.9996075018,"15":0.9996666719,"16":0.9995940864,"17":0.9995630599,"18":0.9995937725,"19":0.9995777597},"Field_artefacts":{"0":0.8579214342,"1":0.8485058276,"2":0.8514400619,"3":0.8383204064,"4":0.853634913,"5":0.8560133022,"6":0.842227964,"7":0.8533752967,"8":0.8497639679,"9":0.8437148139,"10":0.8530790679,"11":0.8516430952,"12":0.8428166177,"13":0.8443286685,"14":0.8425089772,"15":0.8550414055,"16":0.8578776894,"17":0.8568192538,"18":0.8428689214,"19":0.8469409977},"highiron-lowt1":{"0":0.8166022342,"1":0.8071924225,"2":0.8359218921,"3":0.8225630498,"4":0.8165106129,"5":0.7940797151,"6":0.7712062402,"7":0.7925066251,"8":0.8119039281,"9":0.8132301067,"10":0.7960006553,"11":0.8135189466,"12":0.7981576367,"13":0.8020973499,"14":0.8149491696,"15":0.8197554024,"16":0.8392140451,"17":0.8210559581,"18":0.8125134423,"19":0.8061279079},"lookuptable-rip":{"0":0.7569633676,"1":0.799001446,"2":0.7970364717,"3":0.8004305913,"4":0.781844473,"5":0.787062982,"6":0.7904330013,"7":0.7904105077,"8":0.790500482,"9":0.8018854434,"10":0.7591171272,"11":0.7748481684,"12":0.7925401671,"13":0.8125385604,"14":0.7965223329,"15":0.7991468509,"16":0.7947188303,"17":0.8238174807,"18":0.7949558162,"19":0.7292424486},"m50pcfail":{"0":0.9277736891,"1":0.9274308701,"2":0.921880167,"3":0.9237238864,"4":0.9253016179,"5":0.9181520661,"6":0.9188601694,"7":0.9223022882,"8":0.9241075922,"9":0.9199340062,"10":0.9226976758,"11":0.919758553,"12":0.9224292166,"13":0.920946513,"14":0.9182062072,"15":0.9170142034,"16":0.9273749317,"17":0.9207966701,"18":0.9250841547,"19":0.9250412461},"Other_Unlisted":{"0":0.9008891065,"1":0.9002636175,"2":0.9087481143,"3":0.9083146157,"4":0.9022569291,"5":0.890393489,"6":0.9028329002,"7":0.9000720615,"8":0.9072890745,"9":0.9034705514,"10":0.9060389654,"11":0.9022912442,"12":0.9003070543,"13":0.9099912736,"14":0.8973029699,"15":0.8944860979,"16":0.9025531676,"17":0.8966496815,"18":0.9026773967,"19":0.9057974571},"pdff35":{"0":0.8280243026,"1":0.8174478794,"2":0.8182579025,"3":0.8231881858,"4":0.8344343434,"5":0.8164504843,"6":0.8123494419,"7":0.8150206926,"8":0.8147184953,"9":0.8160709361,"10":0.8228268943,"11":0.8046566242,"12":0.8133871939,"13":0.8273204569,"14":0.8196406111,"15":0.8222777505,"16":0.8131753196,"17":0.8150096424,"18":0.8041209327,"19":0.8140425152},"Rainbow":{"0":0.9143653572,"1":0.914376534,"2":0.9122665346,"3":0.9084157438,"4":0.9124027057,"5":0.9114347921,"6":0.9139270391,"7":0.9155828866,"8":0.907909806,"9":0.9072628537,"10":0.9076808672,"11":0.9172728235,"12":0.9117086245,"13":0.9126310856,"14":0.9169133021,"15":0.9130971594,"16":0.9112190793,"17":0.9098640748,"18":0.9113880357,"19":0.9148016262},"Segmentation_fail":{"0":0.8894982768,"1":0.8967602829,"2":0.8890103591,"3":0.8903186413,"4":0.8976092033,"5":0.8886183327,"6":0.8924825421,"7":0.8943629995,"8":0.8899812589,"9":0.8896445816,"10":0.8883380621,"11":0.8915909642,"12":0.8946735887,"13":0.8908037386,"14":0.8882880012,"15":0.8939878951,"16":0.8927416603,"17":0.8995161013,"18":0.888434306,"19":0.8970500722},"Wrong_location":{"0":0.9017421379,"1":0.9027237533,"2":0.8836648196,"3":0.8816213166,"4":0.8635933085,"5":0.9172702378,"6":0.9840980606,"7":0.8998672067,"8":0.9361674801,"9":0.9007880445,"10":0.9163952699,"11":0.8830272284,"12":0.9193630509,"13":0.8778290246,"14":0.9014588914,"15":0.9196508844,"16":0.8818116766,"17":0.9012008734,"18":0.8820559337,"19":0.884089116},"zeroct1":{"0":0.9175424285,"1":0.9214871097,"2":0.9283160396,"3":0.9146501946,"4":0.9162983367,"5":0.9177874139,"6":0.9186996414,"7":0.9322795658,"8":0.916066447,"9":0.9173961399,"10":0.9175938531,"11":0.9264139686,"12":0.9198859205,"13":0.9230739256,"14":0.9215698362,"15":0.9264797665,"16":0.9197124822,"17":0.9254161399,"18":0.9216573538,"19":0.9177059651}}