{"Artifacts":{"0":0.7348303881,"1":0.726147259,"2":0.727300594,"3":0.7262085659,"4":0.7331663452,"5":0.743346018,"6":0.741027853,"7":0.7281961118,"8":0.7427044857,"9":0.742978177,"10":0.7175883859,"11":0.7400655545,"12":0.7450133452,"13":0.7210910866,"14":0.7221675144,"15":0.7344373674,"16":0.7293729843,"17":0.7356613147,"18":0.7445502596,"19":0.7132547584},"badsequence":{"0":0.9995904329,"1":0.9996615056,"2":0.9996130962,"3":0.9996353314,"4":0.9995671987,"5":0.9995916603,"6":0.9996107271,"7":0.9995484743,"8":0.9996148659,"9":0.999579301,"10":0.9996262832,"11":0.9995698818,"12":0.9996124968,"13":0.9996607349,"14":0.9996711818,"15":0.9996444367,"16":0.9996562251,"17":0.9996082724,"18":0.9996084722,"19":0.9995669989},"Field_artefacts":{"0":0.8441608213,"1":0.8522850035,"2":0.8578035133,"3":0.861610743,"4":0.8518375696,"5":0.8519792649,"6":0.8634822624,"7":0.8508542611,"8":0.8517553102,"9":0.8550989395,"10":0.8402204551,"11":0.8526287811,"12":0.8439416215,"13":0.8523962676,"14":0.8566913476,"15":0.849472494,"16":0.8467056313,"17":0.8485814301,"18":0.8384735134,"19":0.8561412084},"highiron-lowt1":{"0":0.8009986715,"1":0.8036323939,"2":0.7925407889,"3":0.8218619144,"4":0.8111919224,"5":0.7882439082,"6":0.8375237109,"7":0.7939927526,"8":0.8007230313,"9":0.8103797545,"10":0.7773572863,"11":0.7887866475,"12":0.7997866312,"13":0.8105886199,"14":0.80087211,"15":0.8136944245,"16":0.8154313458,"17":0.8342804743,"18":0.7949012005,"19":0.8127805415},"lookuptable-rip":{"0":0.7978366003,"1":0.7936768959,"2":0.7919786311,"3":0.730216099,"4":0.7727016388,"5":0.7991982648,"6":0.8113014139,"7":0.7763247108,"8":0.7480093188,"9":0.8261118252,"10":0.812222847,"11":0.8096802699,"12":0.7708467224,"13":0.8062026028,"14":0.7766878213,"15":0.8150465938,"16":0.795498072,"17":0.7811078085,"18":0.790434608,"19":0.7660604113},"m50pcfail":{"0":0.9261923633,"1":0.9186157479,"2":0.9185090382,"3":0.9259360353,"4":0.9201968491,"5":0.9285011125,"6":0.9156058596,"7":0.9277948064,"8":0.9196702647,"9":0.9225136858,"10":0.9229018846,"11":0.9273616772,"12":0.9195204218,"13":0.922197825,"14":0.9132099454,"15":0.924648779,"16":0.920454525,"17":0.9284685379,"18":0.9295870805,"19":0.9225406441},"Other_Unlisted":{"0":0.9097793023,"1":0.9049282881,"2":0.8986360432,"3":0.8971083733,"4":0.8936052009,"5":0.8992971502,"6":0.9074662964,"7":0.9017978029,"8":0.898875814,"9":0.9028029289,"10":0.9030531244,"11":0.9010806624,"12":0.9030917831,"13":0.8959533906,"14":0.8996316131,"15":0.8970849175,"16":0.9004186867,"17":0.9089040522,"18":0.8989796277,"19":0.9029262892},"pdff35":{"0":0.8294435247,"1":0.8116777857,"2":0.8095705724,"3":0.8209104161,"4":0.7997868765,"5":0.8369206245,"6":0.8099419531,"7":0.8304856007,"8":0.8287098916,"9":0.8110315928,"10":0.8325880095,"11":0.8175996987,"12":0.8196574265,"13":0.8173220039,"14":0.8084530672,"15":0.799746039,"16":0.8161934485,"17":0.8223704756,"18":0.8166772524,"19":0.8296381032},"Rainbow":{"0":0.9077300453,"1":0.8992075254,"2":0.9084209597,"3":0.915192629,"4":0.9124503935,"5":0.9090645589,"6":0.9166338813,"7":0.9143608865,"8":0.9116680153,"9":0.9099130666,"10":0.9130476088,"11":0.9137185912,"12":0.9168486627,"13":0.9045956893,"14":0.9118105199,"15":0.9127460207,"16":0.9144380066,"17":0.9096478032,"18":0.9055388276,"19":0.9157212931},"Segmentation_fail":{"0":0.8948604358,"1":0.8955954852,"2":0.8913762663,"3":0.8914323205,"4":0.8957766916,"5":0.8851091328,"6":0.8891767588,"7":0.8911791955,"8":0.8805010604,"9":0.8861829748,"10":0.8872032304,"11":0.890929596,"12":0.8916050659,"13":0.9029942775,"14":0.8816284888,"15":0.8825979784,"16":0.8810189442,"17":0.8911291346,"18":0.8872324914,"19":0.8889765151},"Wrong_location":{"0":0.9003385197,"1":0.9018648398,"2":0.9057293769,"3":0.8818105299,"4":0.9204708084,"5":0.8819492863,"6":0.9183825823,"7":0.9665929691,"8":0.9049977524,"9":0.8753038879,"10":0.9350046787,"11":0.9074277091,"12":0.935384252,"13":0.8823930773,"14":0.9367236523,"15":0.900147013,"16":0.882231386,"17":0.9023545008,"18":0.915901022,"19":0.882059374},"zeroct1":{"0":0.9327356795,"1":0.9202516419,"2":0.918540896,"3":0.9255860646,"4":0.9199165836,"5":0.9197811548,"6":0.9146875653,"7":0.9138024874,"8":0.9196144242,"9":0.9226701946,"10":0.9243275995,"11":0.9235520784,"12":0.9171572232,"13":0.9266078489,"14":0.9201986203,"15":0.9181831597,"16":0.9293164235,"17":0.9233942912,"18":0.9162858798,"19":0.9203267026}}