{"Artifacts":{"0":0.7316681592,"1":0.73668492,"2":0.7242576946,"3":0.7363778385,"4":0.7510060891,"5":0.7381081146,"6":0.7308098634,"7":0.7319976835,"8":0.7241142803,"9":0.7390884767,"10":0.7349294643,"11":0.7257498593,"12":0.7230282734,"13":0.728104699,"14":0.73411058,"15":0.7346097929,"16":0.7519295234,"17":0.7392258697,"18":0.7401925473,"19":0.7277182469},"badsequence":{"0":0.9995586357,"1":0.9996314495,"2":0.9995537834,"3":0.9995425659,"4":0.9996023925,"5":0.9996455214,"6":0.9996075018,"7":0.9995527558,"8":0.9996576237,"9":0.9996481188,"10":0.9996235431,"11":0.9996527999,"12":0.9996102134,"13":0.9995925736,"14":0.9996167498,"15":0.9996534279,"16":0.999597112,"17":0.9996205746,"18":0.9995836396,"19":0.9996412399},"Field_artefacts":{"0":0.8422726598,"1":0.8474145834,"2":0.8529454559,"3":0.8448407687,"4":0.8474835291,"5":0.8491120743,"6":0.8520596223,"7":0.8476489988,"8":0.8520130246,"9":0.8396008947,"10":0.8521637541,"11":0.8465415881,"12":0.8497192721,"13":0.8461516882,"14":0.8469695269,"15":0.8368050272,"16":0.8499446532,"17":0.8595880185,"18":0.8471407025,"19":0.8545045799},"highiron-lowt1":{"0":0.7950735726,"1":0.792229432,"2":0.825279076,"3":0.8083935924,"4":0.8096770662,"5":0.8132231187,"6":0.8039025989,"7":0.8262938976,"8":0.816271466,"9":0.7738617032,"10":0.8181411604,"11":0.817725759,"12":0.8159717558,"13":0.8087919119,"14":0.8126966848,"15":0.7916284588,"16":0.7967677891,"17":0.8018131688,"18":0.8120522303,"19":0.7890397706},"lookuptable-rip":{"0":0.7865857969,"1":0.8149509961,"2":0.7399831298,"3":0.8332888817,"4":0.7901341581,"5":0.7428767674,"6":0.7740311697,"7":0.7585258676,"8":0.7718942802,"9":0.7744424807,"10":0.7971079692,"11":0.841839653,"12":0.7747340938,"13":0.7711873393,"14":0.7471947301,"15":0.7716669344,"16":0.7790705334,"17":0.8034993573,"18":0.7804145244,"19":0.7923409383},"m50pcfail":{"0":0.9266095421,"1":0.9228861589,"2":0.926006576,"3":0.9224022584,"4":0.9199982567,"5":0.9204826065,"6":0.9223141948,"7":0.9211882387,"8":0.9230312841,"9":0.9214207535,"10":0.917922247,"11":0.9212010438,"12":0.9263783752,"13":0.9220129364,"14":0.9228805426,"15":0.9243765007,"16":0.923090143,"17":0.9231069919,"18":0.9192975669,"19":0.9197428273},"Other_Unlisted":{"0":0.9059051802,"1":0.9050199396,"2":0.8969650321,"3":0.906110636,"4":0.8990877852,"5":0.9045195485,"6":0.9012370347,"7":0.8980314039,"8":0.9016323089,"9":0.8984953082,"10":0.9057718295,"11":0.9004412738,"12":0.9024658598,"13":0.9014998269,"14":0.8929771058,"15":0.8958656485,"16":0.905783123,"17":0.8994665535,"18":0.8957718251,"19":0.9043423266},"pdff35":{"0":0.8224127544,"1":0.8166714871,"2":0.8196276392,"3":0.8243940921,"4":0.8146742948,"5":0.8197842629,"6":0.8154655807,"7":0.8230551037,"8":0.8062036435,"9":0.8191222155,"10":0.8161982529,"11":0.8243431654,"12":0.8099717405,"13":0.8234471433,"14":0.8021520864,"15":0.8115221229,"16":0.8284701517,"17":0.8184087609,"18":0.8289976756,"19":0.7935382637},"Rainbow":{"0":0.9079750041,"1":0.9111395375,"2":0.9168585356,"3":0.9080323785,"4":0.9068452128,"5":0.90992592,"6":0.9079625233,"7":0.9094473653,"8":0.9153854293,"9":0.9066390003,"10":0.9110996735,"11":0.9096494797,"12":0.9093583232,"13":0.9083496143,"14":0.9072300684,"15":0.9136196763,"16":0.9085241591,"17":0.9112041769,"18":0.9112682574,"19":0.9102003112},"Segmentation_fail":{"0":0.8948339952,"1":0.9009650476,"2":0.891001162,"3":0.8886447734,"4":0.8866804111,"5":0.8839510334,"6":0.8965769613,"7":0.8924247253,"8":0.8909197248,"9":0.8964972868,"10":0.8883909433,"11":0.8911742599,"12":0.8930899715,"13":0.8877567209,"14":0.8889832134,"15":0.8881639065,"16":0.8861755714,"17":0.8879470934,"18":0.8912556971,"19":0.8939276105},"Wrong_location":{"0":0.9202483395,"1":0.9344106638,"2":0.9177014146,"3":0.8967904848,"4":0.9330081924,"5":0.9349748633,"6":0.8638146307,"7":0.9188722432,"8":0.917296613,"9":0.8973478038,"10":0.9164010036,"11":0.9000827951,"12":0.8997961084,"13":0.9334840923,"14":0.9144526806,"15":0.9182702011,"16":0.9143162178,"17":0.8626415086,"18":0.91320502,"19":0.9860830795},"zeroct1":{"0":0.922410197,"1":0.9301762682,"2":0.926795341,"3":0.92459686,"4":0.924327919,"5":0.9238159089,"6":0.9185798637,"7":0.9206553728,"8":0.9152848571,"9":0.9231774136,"10":0.9239420748,"11":0.9201475151,"12":0.9169566353,"13":0.9089257755,"14":0.921898187,"15":0.9221763908,"16":0.9256937049,"17":0.9134530557,"18":0.9146147404,"19":0.9195473486}}