{"Artifacts":{"0":0.7321022335,"1":0.7264474984,"2":0.7383265202,"3":0.7477551843,"4":0.7304447593,"5":0.7313304242,"6":0.7309127713,"7":0.7330442789,"8":0.7199881109,"9":0.7457287741,"10":0.7360108185,"11":0.7261866706,"12":0.735909279,"13":0.7348785577,"14":0.7339009325,"15":0.7439766027,"16":0.7255653914,"17":0.7402845075,"18":0.7152915688,"19":0.7340832109},"badsequence":{"0":0.9996518009,"1":0.9996804298,"2":0.9995748197,"3":0.9996031917,"4":0.9996720951,"5":0.9996140096,"6":0.9995815845,"7":0.9996549406,"8":0.999625798,"9":0.9996516011,"10":0.9996436375,"11":0.9995567233,"12":0.9996924179,"13":0.9996974986,"14":0.9995263818,"15":0.9996196326,"16":0.9996950439,"17":0.9995790156,"18":0.9996637891,"19":0.9995956849},"Field_artefacts":{"0":0.8548759358,"1":0.8579147774,"2":0.8453628541,"3":0.8488581639,"4":0.8681168406,"5":0.845562559,"6":0.8471174036,"7":0.8529544901,"8":0.8383199309,"9":0.8471535407,"10":0.8428289804,"11":0.8613031025,"12":0.8520054168,"13":0.8514828558,"14":0.8438346368,"15":0.8451165515,"16":0.8474364558,"17":0.8457242248,"18":0.8418580346,"19":0.8374702345},"highiron-lowt1":{"0":0.8235902947,"1":0.8313703354,"2":0.8049904069,"3":0.7852530183,"4":0.7986825177,"5":0.8052784703,"6":0.8253683678,"7":0.7791648647,"8":0.7671974228,"9":0.8149530519,"10":0.800942767,"11":0.7984418178,"12":0.8237005507,"13":0.8106755824,"14":0.8049112089,"15":0.8455630863,"16":0.7918598412,"17":0.8223743721,"18":0.8107493453,"19":0.7894256668},"lookuptable-rip":{"0":0.7893741967,"1":0.7736921594,"2":0.7751196979,"3":0.7377426093,"4":0.7757575514,"5":0.7575313303,"6":0.7559238432,"7":0.7512749036,"8":0.778627892,"9":0.760749518,"10":0.7591147172,"11":0.8288929949,"12":0.8049325193,"13":0.782843027,"14":0.7085065874,"15":0.7994529242,"16":0.7993500964,"17":0.7831699871,"18":0.7940817802,"19":0.8213488111},"m50pcfail":{"0":0.9233377096,"1":0.9227605784,"2":0.9222625248,"3":0.9215795825,"4":0.9243421289,"5":0.9239415743,"6":0.9236178507,"7":0.9250733714,"8":0.9263851147,"9":0.9219120676,"10":0.9239546041,"11":0.926631558,"12":0.9234482384,"13":0.9219972107,"14":0.9191266067,"15":0.9267499497,"16":0.9205715688,"17":0.9224074254,"18":0.9228823398,"19":0.9224995327},"Other_Unlisted":{"0":0.9026656688,"1":0.8975336189,"2":0.8980283633,"3":0.8997293457,"4":0.8963907985,"5":0.9013842852,"6":0.8989422721,"7":0.9050585983,"8":0.8958752045,"9":0.8991181909,"10":0.901812137,"11":0.9014272876,"12":0.9052562355,"13":0.9012895931,"14":0.903247721,"15":0.9031295731,"16":0.8935322272,"17":0.9085730643,"18":0.9043097491,"19":0.9024715066},"pdff35":{"0":0.8330972768,"1":0.8210944249,"2":0.8186384116,"3":0.7980683398,"4":0.8172720381,"5":0.8041588875,"6":0.8049184644,"7":0.8087797669,"8":0.8257028128,"9":0.8156058694,"10":0.8267035709,"11":0.811861314,"12":0.8144893251,"13":0.826524847,"14":0.8198630552,"15":0.8085818253,"16":0.8013170803,"17":0.832138317,"18":0.8272800999,"19":0.8149731289},"Rainbow":{"0":0.9150240451,"1":0.9082866514,"2":0.9098737614,"3":0.9145341273,"4":0.9188306874,"5":0.9171824774,"6":0.915739176,"7":0.907287629,"8":0.9075713343,"9":0.910084631,"10":0.9089216817,"11":0.9120647928,"12":0.9107861634,"13":0.9051563937,"14":0.9144625956,"15":0.9106751402,"16":0.9176748168,"17":0.9061671517,"18":0.9163898538,"19":0.9116855257},"Segmentation_fail":{"0":0.8934340521,"1":0.8915331474,"2":0.8877605988,"3":0.8849952618,"4":0.8847675199,"5":0.8917400893,"6":0.8865044928,"7":0.887043529,"8":0.8887170444,"9":0.8877531954,"10":0.893158012,"11":0.8865728859,"12":0.8986125369,"13":0.8992308951,"14":0.8956892613,"15":0.8855501625,"16":0.8930645885,"17":0.8858766161,"18":0.8945625381,"19":0.885795884},"Wrong_location":{"0":0.8984039577,"1":0.8627814117,"2":0.9204352593,"3":0.9007169462,"4":0.89724689,"5":0.8815582456,"6":0.9001665077,"7":0.8994360299,"8":0.8956334171,"9":0.9194800191,"10":0.9001756816,"11":0.9701157756,"12":0.9347237257,"13":0.9000277513,"14":0.8778244376,"15":0.8621679021,"16":0.9131946993,"17":0.8437958699,"18":0.9004509009,"19":0.9021549668},"zeroct1":{"0":0.9202755975,"1":0.9253286223,"2":0.9183185884,"3":0.9188507211,"4":0.9285738013,"5":0.9239363255,"6":0.9206173634,"7":0.9156441904,"8":0.9274338364,"9":0.9197121628,"10":0.9202059667,"11":0.9148255493,"12":0.9198396064,"13":0.9210878504,"14":0.9186233031,"15":0.9192899063,"16":0.9225478616,"17":0.9255956469,"18":0.9184326169,"19":0.9192675478}}