{"Artifacts":{"0":0.7404032896,"1":0.7349696969,"2":0.7243304964,"3":0.7221031969,"4":0.7292230015,"5":0.714073369,"6":0.7439464966,"7":0.7221762725,"8":0.7275597796,"9":0.7357067475,"10":0.7179430897,"11":0.7423645611,"12":0.7423322656,"13":0.7266267661,"14":0.7134326577,"15":0.7301012767,"16":0.7297282355,"17":0.7495924737,"18":0.7430006196,"19":0.7491734524},"badsequence":{"0":0.9986960301,"1":0.9986947742,"2":0.9986495617,"3":0.9987245163,"4":0.9986778766,"5":0.9987572269,"6":0.9987290832,"7":0.9987424985,"8":0.9987076758,"9":0.9986937467,"10":0.998767902,"11":0.9985899063,"12":0.998574493,"13":0.9987683587,"14":0.9986810735,"15":0.9987617367,"16":0.9987530025,"17":0.9986811306,"18":0.9987834296,"19":0.9986433964},"Field_artefacts":{"0":0.8458283566,"1":0.8327348529,"2":0.8259177863,"3":0.8327381813,"4":0.828203931,"5":0.8369852371,"6":0.8494011708,"7":0.8447860876,"8":0.836697567,"9":0.8285367723,"10":0.836696616,"11":0.834270678,"12":0.8345155542,"13":0.8347504451,"14":0.8400654461,"15":0.8290930929,"16":0.8373737105,"17":0.8381839415,"18":0.8324562171,"19":0.8332659726},"highiron-lowt1":{"0":0.8064105361,"1":0.8161899386,"2":0.8194230813,"3":0.8340017284,"4":0.8137821635,"5":0.8129995007,"6":0.8233301835,"7":0.8251175741,"8":0.8072366802,"9":0.8474552978,"10":0.8457028475,"11":0.7852964995,"12":0.8207748827,"13":0.8232160452,"14":0.7928932978,"15":0.8146106369,"16":0.7866894529,"17":0.8086839852,"18":0.8191784991,"19":0.7947296048},"lookuptable-rip":{"0":0.807723329,"1":0.7918517031,"2":0.8278872108,"3":0.7494328406,"4":0.7895613753,"5":0.8088078406,"6":0.7987154563,"7":0.796026671,"8":0.7944786311,"9":0.8050008033,"10":0.8116243573,"11":0.8125417738,"12":0.8036158419,"13":0.8013705013,"14":0.8078141067,"15":0.8102739396,"16":0.778378856,"17":0.7922132069,"18":0.8018637532,"19":0.796936054},"m50pcfail":{"0":0.9058930279,"1":0.9164038238,"2":0.9129704663,"3":0.9138227963,"4":0.9142204304,"5":0.9113026495,"6":0.9095229558,"7":0.9066871729,"8":0.9186954994,"9":0.9128181522,"10":0.9126303431,"11":0.9049191612,"12":0.9089795225,"13":0.9034344357,"14":0.9133838261,"15":0.9104031426,"16":0.9143210745,"17":0.9159581141,"18":0.917358595,"19":0.9127107686},"Other_Unlisted":{"0":0.9071513801,"1":0.9177855607,"2":0.9071448645,"3":0.9143549276,"4":0.9103487579,"5":0.9072182726,"6":0.9111067288,"7":0.9019806715,"8":0.909161632,"9":0.9134627371,"10":0.9123498881,"11":0.907053213,"12":0.9098027581,"13":0.9085074748,"14":0.910588963,"15":0.9121856972,"16":0.9123620504,"17":0.9085487397,"18":0.9110220272,"19":0.9108713017},"pdff35":{"0":0.8080989823,"1":0.8158211069,"2":0.8135875378,"3":0.8181012788,"4":0.8156106739,"5":0.8241692458,"6":0.7966039563,"7":0.816168946,"8":0.8050846969,"9":0.8097646705,"10":0.8128466981,"11":0.8136552799,"12":0.8453100813,"13":0.8116037978,"14":0.8227730849,"15":0.8297096889,"16":0.7993669712,"17":0.7939557668,"18":0.821401907,"19":0.7948551519},"Rainbow":{"0":0.8990288824,"1":0.9030592476,"2":0.8916273987,"3":0.899648824,"4":0.8957991509,"5":0.8970030818,"6":0.8967747019,"7":0.9007748897,"8":0.8989705766,"9":0.9054488541,"10":0.9001255158,"11":0.8929956291,"12":0.8968251839,"13":0.9007050345,"14":0.89706828,"15":0.9006394638,"16":0.8950238514,"17":0.894965173,"18":0.9002741677,"19":0.8948331001},"Segmentation_fail":{"0":0.8948992154,"1":0.8857038706,"2":0.8940601662,"3":0.8965716731,"4":0.887322742,"5":0.8903556582,"6":0.895391011,"7":0.8989107872,"8":0.8814472823,"9":0.8884300755,"10":0.8932006695,"11":0.8916367946,"12":0.9004898214,"13":0.895813356,"14":0.8958761084,"15":0.888684258,"16":0.8997406703,"17":0.8950758388,"18":0.8906433322,"19":0.8875818602},"Wrong_location":{"0":0.8986459213,"1":0.8961586272,"2":0.8830983267,"3":0.86323323,"4":0.8461283531,"5":0.9101821951,"6":0.9006125922,"7":0.8974131683,"8":0.9418931874,"9":0.9350551356,"10":0.9176234358,"11":0.8805238799,"12":0.8803805365,"13":0.9475432094,"14":0.8813094015,"15":0.8651173351,"16":0.8703671425,"17":0.8817038824,"18":0.908927654,"19":0.8812314227},"zeroct1":{"0":0.8830454728,"1":0.8943483419,"2":0.8902838829,"3":0.8721322807,"4":0.8811220015,"5":0.8844368113,"6":0.8826941246,"7":0.893063366,"8":0.8872083092,"9":0.8810421496,"10":0.8862858607,"11":0.8822015984,"12":0.8840126383,"13":0.8844221186,"14":0.8823648156,"15":0.8854643449,"16":0.8844840836,"17":0.8938542186,"18":0.8734041609,"19":0.8866154891}}