{"Artifacts":{"0":0.5935477531,"1":0.5632923165,"2":0.5147610033,"3":0.5329764903,"4":0.6500993408,"5":0.5305484971,"6":0.5093007258,"7":0.5964317984,"8":0.550351976,"9":0.4821642949,"10":0.5437362244,"11":0.5900836714,"12":0.5717745842,"13":0.5162692264,"14":0.5523627658,"15":0.5220795721,"16":0.6082832615,"17":0.6078723061,"18":0.571942928,"19":0.549526464,"20":0.6073479244,"21":0.5574468981,"22":0.5862521515,"23":0.5280756242,"24":0.5315889609,"25":0.5320348584,"26":0.5434782609,"27":0.5787161895,"28":0.5411291403,"29":0.585348816,"30":0.5460631607,"31":0.5593895214,"32":0.5333234846,"33":0.5405657039,"34":0.4906065052,"35":0.5579505412,"36":0.5571204953,"37":0.6440318685,"38":0.5369755146,"39":0.5172529995,"40":0.5583067765,"41":0.5348935155,"42":0.6115140292,"43":0.4789398463,"44":0.5253371619,"45":0.5939513695,"46":0.5679023178,"47":0.5952156003,"48":0.5493127106,"49":0.557389479},"badsequence":{"0":0.9952410643,"1":0.9889374187,"2":0.9849127366,"3":0.9845947336,"4":0.987916464,"5":0.9824910883,"6":0.9863314258,"7":0.9929853608,"8":0.9913010905,"9":0.9866927003,"10":0.9927215155,"11":0.9929206145,"12":0.9828476266,"13":0.9786819956,"14":0.9943361795,"15":0.9906536281,"16":0.9930683332,"17":0.9867240692,"18":0.9863133732,"19":0.9850287226,"20":0.9920875925,"21":0.984755471,"22":0.9943481563,"23":0.9871677459,"24":0.9845622453,"25":0.9871333766,"26":0.9891403365,"27":0.9925731025,"28":0.9950837986,"29":0.9849048852,"30":0.9846945435,"31":0.9945568024,"32":0.988673747,"33":0.9926390638,"34":0.9851497771,"35":0.9831760445,"36":0.990541841,"37":0.9925455029,"38":0.9908858814,"39":0.9866189545,"40":0.9831263999,"41":0.9907161178,"42":0.9947921802,"43":0.9886534378,"44":0.9791525349,"45":0.9888973211,"46":0.9903727717,"47":0.9907480569,"48":0.9905939157,"49":0.9789991297},"Field_artefacts":{"0":0.6757859925,"1":0.7061821121,"2":0.7873947233,"3":0.8036724958,"4":0.7412325062,"5":0.7354449915,"6":0.7708914529,"7":0.7759947086,"8":0.7741637405,"9":0.7507791368,"10":0.7759153377,"11":0.741772617,"12":0.7399676637,"13":0.7214326141,"14":0.7680994943,"15":0.7554258837,"16":0.718524289,"17":0.7685602998,"18":0.7227291628,"19":0.7976802305,"20":0.7089997795,"21":0.7355067245,"22":0.815030499,"23":0.6842571844,"24":0.8203634012,"25":0.7197192621,"26":0.7695612552,"27":0.7661497759,"28":0.7364107836,"29":0.7810302246,"30":0.7690776806,"31":0.7388344235,"32":0.7354979055,"33":0.7362923905,"34":0.7552510879,"35":0.7809406923,"36":0.7442728008,"37":0.7917307268,"38":0.7458057083,"39":0.7499294367,"40":0.7476122584,"41":0.7748776365,"42":0.8138987286,"43":0.7619894659,"44":0.6775402799,"45":0.742523701,"46":0.71790402,"47":0.7526934666,"48":0.7250450471,"49":0.7684758321},"highiron-lowt1":{"0":0.5776006733,"1":0.6149294209,"2":0.5694743678,"3":0.564833179,"4":0.5869221816,"5":0.5411655297,"6":0.5000779306,"7":0.5070423244,"8":0.4561125765,"9":0.5277061856,"10":0.4689576525,"11":0.5294006099,"12":0.6267115013,"13":0.5772843508,"14":0.5958232873,"15":0.4364008541,"16":0.5299279402,"17":0.5514608167,"18":0.5451886678,"19":0.5169500333,"20":0.5482208449,"21":0.4963164813,"22":0.5388334609,"23":0.5765695474,"24":0.4678614483,"25":0.5748367354,"26":0.4899911159,"27":0.488658787,"28":0.4619946037,"29":0.5347418523,"30":0.4722904836,"31":0.5824115878,"32":0.5361907015,"33":0.4955853334,"34":0.401921558,"35":0.5106141449,"36":0.484580136,"37":0.5223954977,"38":0.5195463515,"39":0.5841422098,"40":0.4237631118,"41":0.612570722,"42":0.5690112556,"43":0.5483197084,"44":0.5838408297,"45":0.6008395721,"46":0.4757557967,"47":0.5393947326,"48":0.5661495248,"49":0.6047347855},"lookuptable-rip":{"0":0.7810893316,"1":0.7764299486,"2":0.834160106,"3":0.6239757391,"4":0.7410513418,"5":0.7461138335,"6":0.7913520244,"7":0.7685471562,"8":0.7720718188,"9":0.6906034067,"10":0.7777152956,"11":0.776811536,"12":0.8388696979,"13":0.7072622108,"14":0.7342820987,"15":0.7376988271,"16":0.7206981041,"17":0.718348329,"18":0.7208186054,"19":0.8526434196,"20":0.7863863673,"21":0.8693063143,"22":0.7715396048,"23":0.7626024261,"24":0.7823899245,"25":0.7851763335,"26":0.7971762532,"27":0.6673562018,"28":0.7323566035,"29":0.7668829343,"30":0.8389701157,"31":0.5614255302,"32":0.7925771208,"33":0.6394300289,"34":0.7478406717,"35":0.6865159062,"36":0.7872348972,"37":0.749598329,"38":0.7893336279,"39":0.8084625583,"40":0.6870882873,"41":0.6837945855,"42":0.8152213207,"43":0.8085837082,"44":0.757673148,"45":0.7323666452,"46":0.7663178824,"47":0.767091099,"48":0.6781711922,"49":0.7828720071},"m50pcfail":{"0":0.5779925801,"1":0.5297792732,"2":0.6079888734,"3":0.6068227587,"4":0.5921961545,"5":0.6753284607,"6":0.6619144022,"7":0.5843891281,"8":0.5561322162,"9":0.5111442767,"10":0.5353045726,"11":0.6401363583,"12":0.5517917621,"13":0.6522580926,"14":0.497265422,"15":0.5610903596,"16":0.5813666879,"17":0.593389917,"18":0.5372526229,"19":0.6058373576,"20":0.5783727613,"21":0.5886392366,"22":0.5901425363,"23":0.6292576202,"24":0.6276189209,"25":0.5099876758,"26":0.5697268082,"27":0.6552707365,"28":0.5318233802,"29":0.6019430397,"30":0.5930477539,"31":0.53942637,"32":0.5900855091,"33":0.5487637363,"34":0.5528632267,"35":0.6297827582,"36":0.5762627559,"37":0.5920814601,"38":0.5153460793,"39":0.6119846128,"40":0.6070859431,"41":0.5527643922,"42":0.6102414467,"43":0.6223521953,"44":0.5792520628,"45":0.6090375397,"46":0.6000367508,"47":0.5701259984,"48":0.6187658495,"49":0.5756651077},"Other_Unlisted":{"0":0.5154944485,"1":0.5007554589,"2":0.41153452,"3":0.5322330097,"4":0.5842904942,"5":0.531664834,"6":0.5216601449,"7":0.5694687163,"8":0.473245685,"9":0.5454116615,"10":0.5305556393,"11":0.5863540264,"12":0.4780703883,"13":0.5543959008,"14":0.5124705173,"15":0.5129703109,"16":0.460882036,"17":0.4839981122,"18":0.4868514024,"19":0.5235121496,"20":0.5254388106,"21":0.525944735,"22":0.5296871629,"23":0.5316518339,"24":0.5165679337,"25":0.4985562646,"26":0.5323558527,"27":0.5293851133,"28":0.5083737864,"29":0.5767209698,"30":0.5173591021,"31":0.5619215803,"32":0.5325485437,"33":0.5360760518,"34":0.5621743185,"35":0.5413761143,"36":0.4467326059,"37":0.5552292341,"38":0.5603020496,"39":0.5011683396,"40":0.5242816285,"41":0.5565401353,"42":0.4763106796,"43":0.5415372168,"44":0.5441391037,"45":0.5221907486,"46":0.5617515678,"47":0.6553020496,"48":0.5164509169,"49":0.4944627283},"pdff35":{"0":0.6296186645,"1":0.782152856,"2":0.5275816573,"3":0.6863588093,"4":0.7311039588,"5":0.5575671762,"6":0.6519710378,"7":0.6719549477,"8":0.6861206758,"9":0.6599098809,"10":0.7053451327,"11":0.6315269509,"12":0.5680128721,"13":0.596917136,"14":0.6125909237,"15":0.6911536605,"16":0.6423877715,"17":0.7829509252,"18":0.6897248592,"19":0.6289925974,"20":0.6348318584,"21":0.7362703138,"22":0.5989058729,"23":0.7178374899,"24":0.6611457998,"25":0.6300273532,"26":0.6415060338,"27":0.683391794,"28":0.6947063556,"29":0.6662761506,"30":0.6015897023,"31":0.6779211585,"32":0.7835559131,"33":0.7417666935,"34":0.6098229804,"35":0.7209042639,"36":0.711684634,"37":0.6007787611,"38":0.6623716814,"39":0.6710975217,"40":0.6566757844,"41":0.7229412711,"42":0.7266870475,"43":0.6785068383,"44":0.6784422272,"45":0.6336637168,"46":0.6877747385,"47":0.6189412711,"48":0.7407240547,"49":0.6035983264},"Rainbow":{"0":0.8378150109,"1":0.8416792277,"2":0.8332327159,"3":0.8250115342,"4":0.824442451,"5":0.8322852694,"6":0.8659657428,"7":0.8624706737,"8":0.8490051143,"9":0.7818494431,"10":0.8297876051,"11":0.854547493,"12":0.8259563566,"13":0.8622866174,"14":0.8136141636,"15":0.8255085643,"16":0.7992114606,"17":0.8317136378,"18":0.8260238439,"19":0.8324487304,"20":0.8253142323,"21":0.8488396138,"22":0.8256127848,"23":0.8217426942,"24":0.8539956642,"25":0.8319227655,"26":0.8420193086,"27":0.8474565873,"28":0.850133993,"29":0.8185343002,"30":0.8085730302,"31":0.8458473996,"32":0.8859182201,"33":0.8015774853,"34":0.8397323765,"35":0.8612768608,"36":0.8721096232,"37":0.838926191,"38":0.8014805489,"39":0.7894869303,"40":0.8282765494,"41":0.8347854251,"42":0.8304534657,